strain	source	gene	mutation
B.1.351	https://outbreak.info/situation-reports?pango=B.1.351	S	D614G
B.1.351	https://outbreak.info/situation-reports?pango=B.1.351	ORF1a	T265I
B.1.351	https://outbreak.info/situation-reports?pango=B.1.351	ORF1a	K3353R
B.1.351	https://outbreak.info/situation-reports?pango=B.1.351	S	D80A
B.1.351	https://outbreak.info/situation-reports?pango=B.1.351	E	P71L
B.1.351	https://outbreak.info/situation-reports?pango=B.1.351	ORF3a	Q57H
B.1.351	https://outbreak.info/situation-reports?pango=B.1.351	N	T205I
B.1.351	https://outbreak.info/situation-reports?pango=B.1.351	S	A701V
B.1.351	https://outbreak.info/situation-reports?pango=B.1.351	S	D215G
B.1.351	https://outbreak.info/situation-reports?pango=B.1.351	S	K417N
B.1.351	https://outbreak.info/situation-reports?pango=B.1.351	ORF1a	del3675/3677
B.1.351	https://outbreak.info/situation-reports?pango=B.1.351	ORF1a	K1655N
B.1.351	https://outbreak.info/situation-reports?pango=B.1.351	ORF1b	P314L
B.1.351	https://outbreak.info/situation-reports?pango=B.1.351	ORF3a	S171L
B.1.351	https://outbreak.info/situation-reports?pango=B.1.351	S	N501Y
B.1.351	https://outbreak.info/situation-reports?pango=B.1.351	S	E484K
B.1.351	https://outbreak.info/situation-reports?pango=B.1.351	S	del241/243
B.1.427	https://outbreak.info/situation-reports?pango=B.1.427	ORF1b	D1183Y
B.1.427	https://outbreak.info/situation-reports?pango=B.1.427	ORF1a	T265I
B.1.427	https://outbreak.info/situation-reports?pango=B.1.427	S	D614G
B.1.427	https://outbreak.info/situation-reports?pango=B.1.427	ORF3a	Q57H
B.1.427	https://outbreak.info/situation-reports?pango=B.1.427	N	T205I
B.1.427	https://outbreak.info/situation-reports?pango=B.1.427	ORF1a	S3158T
B.1.427	https://outbreak.info/situation-reports?pango=B.1.427	ORF1b	P976L
B.1.427	https://outbreak.info/situation-reports?pango=B.1.427	S	L452R
B.1.427	https://outbreak.info/situation-reports?pango=B.1.427	S	S13I
B.1.427	https://outbreak.info/situation-reports?pango=B.1.427	ORF1b	P314L
B.1.427	https://outbreak.info/situation-reports?pango=B.1.427	S	W152C
B.1.429	https://outbreak.info/situation-reports?pango=B.1.429	S	D614G
B.1.429	https://outbreak.info/situation-reports?pango=B.1.429	ORF1a	T265I
B.1.429	https://outbreak.info/situation-reports?pango=B.1.429	ORF3a	Q57H
B.1.429	https://outbreak.info/situation-reports?pango=B.1.429	N	T205I
B.1.429	https://outbreak.info/situation-reports?pango=B.1.429	ORF1a	I4205V
B.1.429	https://outbreak.info/situation-reports?pango=B.1.429	ORF1b	D1183Y
B.1.429	https://outbreak.info/situation-reports?pango=B.1.429	S	L452R
B.1.429	https://outbreak.info/situation-reports?pango=B.1.429	S	W152C
B.1.429	https://outbreak.info/situation-reports?pango=B.1.429	S	S13I
B.1.429	https://outbreak.info/situation-reports?pango=B.1.429	ORF1b	P314L
B.1.525	https://outbreak.info/situation-reports?pango=B.1.525	S	D614G
B.1.525	https://outbreak.info/situation-reports?pango=B.1.525	M	I82T
B.1.525	https://outbreak.info/situation-reports?pango=B.1.525	ORF1b	P314F
B.1.525	https://outbreak.info/situation-reports?pango=B.1.525	ORF1a	T2007I
B.1.525	https://outbreak.info/situation-reports?pango=B.1.525	S	Q677H
B.1.525	https://outbreak.info/situation-reports?pango=B.1.525	S	E484K
B.1.525	https://outbreak.info/situation-reports?pango=B.1.525	S	F888L
B.1.525	https://outbreak.info/situation-reports?pango=B.1.525	ORF6	del2/3
B.1.525	https://outbreak.info/situation-reports?pango=B.1.525	ORF1a	del3675/3677
B.1.525	https://outbreak.info/situation-reports?pango=B.1.525	S	A67V
B.1.525	https://outbreak.info/situation-reports?pango=B.1.525	S	del69/70
B.1.525	https://outbreak.info/situation-reports?pango=B.1.525	S	del144/145
B.1.525	https://outbreak.info/situation-reports?pango=B.1.525	N	A12G
B.1.525	https://outbreak.info/situation-reports?pango=B.1.525	N	del3
B.1.525	https://outbreak.info/situation-reports?pango=B.1.525	N	T205I
B.1.525	https://outbreak.info/situation-reports?pango=B.1.525	S	Q52R
B.1.525	https://outbreak.info/situation-reports?pango=B.1.525	E	L21F
B.1.526	https://outbreak.info/situation-reports?pango=B.1.526	S	D614G
B.1.526	https://outbreak.info/situation-reports?pango=B.1.526	ORF1b	P314L
B.1.526	https://outbreak.info/situation-reports?pango=B.1.526	ORF3a	Q57H
B.1.526	https://outbreak.info/situation-reports?pango=B.1.526	ORF1a	L3201P
B.1.526	https://outbreak.info/situation-reports?pango=B.1.526	ORF1a	T265I
B.1.526	https://outbreak.info/situation-reports?pango=B.1.526	ORF1a	del3675/3677
B.1.526	https://outbreak.info/situation-reports?pango=B.1.526	ORF3a	P42L
B.1.526	https://outbreak.info/situation-reports?pango=B.1.526	ORF8	T11I
B.1.526	https://outbreak.info/situation-reports?pango=B.1.526	S	T95I
B.1.617.1	https://outbreak.info/situation-reports?pango=B.1.617.1	S	D614G
B.1.617.1	https://outbreak.info/situation-reports?pango=B.1.617.1	ORF1b	P314L
B.1.617.1	https://outbreak.info/situation-reports?pango=B.1.617.1	S	P681R
B.1.617.1	https://outbreak.info/situation-reports?pango=B.1.617.1	ORF3a	S26L
B.1.617.1	https://outbreak.info/situation-reports?pango=B.1.617.1	ORF1b	M1352I
B.1.617.1	https://outbreak.info/situation-reports?pango=B.1.617.1	ORF1a	T3646A
B.1.617.1	https://outbreak.info/situation-reports?pango=B.1.617.1	S	L452R
B.1.617.1	https://outbreak.info/situation-reports?pango=B.1.617.1	N	R203M
B.1.617.1	https://outbreak.info/situation-reports?pango=B.1.617.1	ORF1a	T1567I
B.1.617.1	https://outbreak.info/situation-reports?pango=B.1.617.1	S	E484Q
B.1.617.1	https://outbreak.info/situation-reports?pango=B.1.617.1	ORF1b	K2310R
B.1.617.1	https://outbreak.info/situation-reports?pango=B.1.617.1	N	D377Y
B.1.617.1	https://outbreak.info/situation-reports?pango=B.1.617.1	ORF7a	V82A
B.1.617.1	https://outbreak.info/situation-reports?pango=B.1.617.1	S	Q1071H
B.1.617.2	https://outbreak.info/situation-reports?pango=B.1.617.2	S	D614G
B.1.617.2	https://outbreak.info/situation-reports?pango=B.1.617.2	M	I82T
B.1.617.2	https://outbreak.info/situation-reports?pango=B.1.617.2	ORF3a	S26L
B.1.617.2	https://outbreak.info/situation-reports?pango=B.1.617.2	S	P681R
B.1.617.2	https://outbreak.info/situation-reports?pango=B.1.617.2	ORF1b	P314L
B.1.617.2	https://outbreak.info/situation-reports?pango=B.1.617.2	N	R203M
B.1.617.2	https://outbreak.info/situation-reports?pango=B.1.617.2	N	D377Y
B.1.617.2	https://outbreak.info/situation-reports?pango=B.1.617.2	S	T19R
B.1.617.2	https://outbreak.info/situation-reports?pango=B.1.617.2	N	D63G
B.1.617.2	https://outbreak.info/situation-reports?pango=B.1.617.2	ORF1b	P1000L
B.1.617.2	https://outbreak.info/situation-reports?pango=B.1.617.2	ORF1b	G662S
B.1.617.2	https://outbreak.info/situation-reports?pango=B.1.617.2	S	L452R
B.1.617.2	https://outbreak.info/situation-reports?pango=B.1.617.2	S	T478K
B.1.617.2	https://outbreak.info/situation-reports?pango=B.1.617.2	ORF7a	T120I
B.1.617.2	https://outbreak.info/situation-reports?pango=B.1.617.2	S	D950N
B.1.617.2	https://outbreak.info/situation-reports?pango=B.1.617.2	ORF7a	V82A
B.1.617.2	https://outbreak.info/situation-reports?pango=B.1.617.2	ORF8	del119/120
B.1.617.2	https://outbreak.info/situation-reports?pango=B.1.617.2	S	del157/158
B.1.617.2	https://outbreak.info/situation-reports?pango=B.1.617.2	ORF1a	A1306S
B.1.617.2	https://outbreak.info/situation-reports?pango=B.1.617.2	ORF1a	T3646A
B.1.617.2	https://outbreak.info/situation-reports?pango=B.1.617.2	ORF1a	T3255I
B.1.617.2	https://outbreak.info/situation-reports?pango=B.1.617.2	ORF1b	A1918V
B.1.617.2	https://outbreak.info/situation-reports?pango=B.1.617.2	ORF1a	V2930L
B.1.617.2	https://outbreak.info/situation-reports?pango=B.1.617.2	ORF1a	P2046L
B.1.617.2	https://outbreak.info/situation-reports?pango=B.1.617.2	ORF7b	T40I
B.1.617.2	https://outbreak.info/situation-reports?pango=B.1.617.2	ORF1a	P2287S
B.1.617.2	https://outbreak.info/situation-reports?pango=B.1.617.2	N	G215C
P.1	https://outbreak.info/situation-reports?pango=P.1	ORF1a	K1795Q
P.1	https://outbreak.info/situation-reports?pango=P.1	S	D614G
P.1	https://outbreak.info/situation-reports?pango=P.1	S	V1176F
P.1	https://outbreak.info/situation-reports?pango=P.1	ORF1b	P314L
P.1	https://outbreak.info/situation-reports?pango=P.1	ORF1b	E1264D
P.1	https://outbreak.info/situation-reports?pango=P.1	N	P80R
P.1	https://outbreak.info/situation-reports?pango=P.1	ORF3a	S253P
P.1	https://outbreak.info/situation-reports?pango=P.1	S	H655Y
P.1	https://outbreak.info/situation-reports?pango=P.1	ORF1a	S1188L
P.1	https://outbreak.info/situation-reports?pango=P.1	ORF8	E92K
P.1	https://outbreak.info/situation-reports?pango=P.1	S	L18F
P.1	https://outbreak.info/situation-reports?pango=P.1	S	P26S
P.1	https://outbreak.info/situation-reports?pango=P.1	S	T20N
P.1	https://outbreak.info/situation-reports?pango=P.1	N	G204R
P.1	https://outbreak.info/situation-reports?pango=P.1	N	R203K
P.1	https://outbreak.info/situation-reports?pango=P.1	ORF1a	del3675/3677
P.1	https://outbreak.info/situation-reports?pango=P.1	S	N501Y
P.1	https://outbreak.info/situation-reports?pango=P.1	S	E484K
P.1	https://outbreak.info/situation-reports?pango=P.1	S	D138Y
P.1	https://outbreak.info/situation-reports?pango=P.1	S	T1027I
P.1	https://outbreak.info/situation-reports?pango=P.1	S	K417T
P.1	https://outbreak.info/situation-reports?pango=P.1	S	R190S
P.2	https://outbreak.info/situation-reports?pango=P.2	S	D614G
P.2	https://outbreak.info/situation-reports?pango=P.2	ORF1a	L3930F
P.2	https://outbreak.info/situation-reports?pango=P.2	S	V1176F
P.2	https://outbreak.info/situation-reports?pango=P.2	N	A119S
P.2	https://outbreak.info/situation-reports?pango=P.2	ORF1b	P314L
P.2	https://outbreak.info/situation-reports?pango=P.2	N	R203K
P.2	https://outbreak.info/situation-reports?pango=P.2	N	M234I
P.2	https://outbreak.info/situation-reports?pango=P.2	N	G204R
P.2	https://outbreak.info/situation-reports?pango=P.2	ORF1a	L3468V
P.2	https://outbreak.info/situation-reports?pango=P.2	S	E484K