#seqid	#source	#type	#start	#end	#score	#strand	#phase	#attributes
MN908947.3	https://cov-lineages.org/global_report_B.1.1.7.html	SNV	23063	23063	.	+	.	ID=B.1.1.7-N501Y;Name=p.Asn501Tyr;Alias=N501Y;nt_name=g.23063A>T;gene=S;del=A;ins=T;Ontology_term=GO:0031701;mutation_effects=(increased ACE2 affinity, https://www.biorxiv.org/content/10.1101/2021.02.16.431305v1);mutation_type=nonsynonymous;voc_status=VOC;voc_name=B.1.1.7;alt_voc_name=(20I/501Y.V1;501Y.V1;UK variant;VOC 202012/01);clade_defining=true;curator=Madeline;clade_defining=true;curator_orcid=https://orcid.org/0000-0002-0548-891X
MN908947.3	https://cov-lineages.org/global_report_B.1.1.7.html	SNV	23271	23271	.	+	.	ID=B.1.1.7-A570D;Name=p.Ala570Asp;Alias=A570D;nt_name=g.23271C>A;gene=S;del=C;ins=A;Ontology_term=;mutation_effects=;mutation_type=nonsynonymous;voc_status=VOC;voc_name=B.1.1.7;alt_voc_name=(20I/501Y.V1;501Y.V1;UK variant;VOC 202012/01);clade_defining=true;curator=Anoosha;clade_defining=true;curator_orcid=https://orcid.org/0000-0001-5275-8866
MN908947.3	https://cov-lineages.org/global_report_B.1.1.7.html	SNV	23604	23604	.	+	.	ID=B.1.1.7-P681H;Name=p.Pro681His;Alias=P681H;nt_name=g.23604C>A;gene=S;del=C;ins=A;Ontology_term=;mutation_effects=;mutation_type=nonsynonymous;voc_status=VOC;voc_name=B.1.1.7;alt_voc_name=(20I/501Y.V1;501Y.V1;UK variant;VOC 202012/01);clade_defining=true;curator=Anoosha;clade_defining=true;curator_orcid=https://orcid.org/0000-0001-5275-8866
MN908947.3	https://cov-lineages.org/global_report_B.1.1.7.html	SNV	23709	23709	.	+	.	ID=B.1.1.7-T716I;Name=p.Tyr716Ile;Alias=T716I;nt_name=g.23709C>T;gene=S;del=C;ins=T;Ontology_term=;mutation_effects=;mutation_type=nonsynonymous;voc_status=VOC;voc_name=B.1.1.7;alt_voc_name=(20I/501Y.V1;501Y.V1;UK variant;VOC 202012/01);clade_defining=true;curator=Anoosha;clade_defining=true;curator_orcid=https://orcid.org/0000-0001-5275-8866
MN908947.3	https://cov-lineages.org/global_report_B.1.1.7.html	SNV	24506	24506	.	+	.	ID=B.1.1.7-S982A;Name=p.Ser982Ala;Alias=S982A;nt_name=g.24506T>G;gene=S;del=T;ins=G;Ontology_term=;mutation_effects=;mutation_type=nonsynonymous;voc_status=VOC;voc_name=B.1.1.7;alt_voc_name=(20I/501Y.V1;501Y.V1;UK variant;VOC 202012/01);clade_defining=true;curator=Anoosha;clade_defining=true;curator_orcid=https://orcid.org/0000-0001-5275-8866
MN908947.3	https://cov-lineages.org/global_report_B.1.1.7.html	SNV	24914	24914	.	+	.	ID=B.1.1.7-D1118H;Name=p.Asp1118His;Alias=D1118H;nt_name=g.24914G>C;gene=S;del=G;ins=C;Ontology_term=;mutation_effects=;mutation_type=nonsynonymous;voc_status=VOC;voc_name=B.1.1.7;alt_voc_name=(20I/501Y.V1;501Y.V1;UK variant;VOC 202012/01);clade_defining=true;curator=Anoosha;clade_defining=true;curator_orcid=https://orcid.org/0000-0001-5275-8866
MN908947.3	https://cov-lineages.org/global_report_B.1.1.7.html	deletion	21765	21770	.	+	.	ID=B.1.1.7-69_70del;Name=p.His69_Val70del;Alias=69_70del;nt_name=g.21765_21770del;gene=S;del=;ins=;Ontology_term=;mutation_effects=;mutation_type=deletion;voc_status=VOC;voc_name=B.1.1.7;alt_voc_name=(20I/501Y.V1;501Y.V1;UK variant;VOC 202012/01);clade_defining=true;curator=Anoosha;clade_defining=true;curator_orcid=https://orcid.org/0000-0001-5275-8866
MN908947.3	https://cov-lineages.org/global_report_B.1.1.7.html	deletion	21991	21993	.	+	.	ID=B.1.1.7-Y144del;Name=p.Tyr144del;Alias=Y144del;nt_name=g.21991_21993del;gene=S;del=;ins=;Ontology_term=;mutation_effects=;mutation_type=deletion;voc_status=VOC;voc_name=B.1.1.7;alt_voc_name=(20I/501Y.V1;501Y.V1;UK variant;VOC 202012/01);clade_defining=true;curator=Anoosha;clade_defining=true;curator_orcid=https://orcid.org/0000-0001-5275-8866
MN908947.3	https://cov-lineages.org/global_report_B.1.1.7.html	SNV	28048	28048	.	+	.	ID=B.1.1.7-R52I;Name=p.Arg52Ile;Alias=R52I;nt_name=g.28048G>T;gene=ORF8;del=G;ins=T;Ontology_term=;mutation_effects=;mutation_type=nonsynonymous;voc_status=VOC;voc_name=B.1.1.7;alt_voc_name=(20I/501Y.V1;501Y.V1;UK variant;VOC 202012/01);clade_defining=true;curator=Anoosha;clade_defining=true;curator_orcid=https://orcid.org/0000-0001-5275-8866
MN908947.3	https://cov-lineages.org/global_report_B.1.1.7.html	SNV	27972	27972	.	+	.	ID=B.1.1.7-Q27stop;Name=p.Gln27*;Alias=Q27stop;nt_name=g.27972C>T;gene=ORF8;del=C;ins=T;Ontology_term=;mutation_effects=;mutation_type=nonsynonymous;voc_status=VOC;voc_name=B.1.1.7;alt_voc_name=(20I/501Y.V1;501Y.V1;UK variant;VOC 202012/01);clade_defining=true;curator=Anoosha;clade_defining=true;curator_orcid=https://orcid.org/0000-0001-5275-8866
MN908947.3	https://cov-lineages.org/global_report_B.1.1.7.html	SNV	28111	28111	.	+	.	ID=B.1.1.7-Y73C;Name=p.Tyr73Cys;Alias=Y73C;nt_name=g.28111A>G;gene=ORF8;del=A;ins=G;Ontology_term=;mutation_effects=;mutation_type=nonsynonymous;voc_status=VOC;voc_name=B.1.1.7;alt_voc_name=(20I/501Y.V1;501Y.V1;UK variant;VOC 202012/01);clade_defining=true;curator=Anoosha;clade_defining=true;curator_orcid=https://orcid.org/0000-0001-5275-8866
MN908947.3	https://cov-lineages.org/global_report_B.1.1.7.html	substitution	28280	28282	.	+	.	ID=B.1.1.7-D3L;Name=p.Asp3Leu;Alias=D3L;nt_name=g.28280_28282delinsCTA;gene=N;del=GAT;ins=CTA;Ontology_term=;mutation_effects=;mutation_type=nonsynonymous;voc_status=VOC;voc_name=B.1.1.7;alt_voc_name=(20I/501Y.V1;501Y.V1;UK variant;VOC 202012/01);clade_defining=true;curator=Anoosha;clade_defining=true;curator_orcid=https://orcid.org/0000-0001-5275-8866
MN908947.3	https://cov-lineages.org/global_report_B.1.1.7.html	SNV	28977	28977	.	+	.	ID=B.1.1.7-S235F;Name=p.Ser235Phe;Alias=S235F;nt_name=g.28977C>T;gene=N;del=C;ins=T;Ontology_term=;mutation_effects=;mutation_type=nonsynonymous;voc_status=VOC;voc_name=B.1.1.7;alt_voc_name=(20I/501Y.V1;501Y.V1;UK variant;VOC 202012/01);clade_defining=true;curator=Anoosha;clade_defining=true;curator_orcid=https://orcid.org/0000-0001-5275-8866
MN908947.3	https://cov-lineages.org/global_report_B.1.1.7.html	SNV	3267	3267	.	+	.	ID=B.1.1.7-T1001I;Name=p.Thr1001Ile;Alias=T1001I;nt_name=g.3267C>T;gene=ORF1ab;del=C;ins=T;Ontology_term=;mutation_effects=;mutation_type=nonsynonymous;voc_status=VOC;voc_name=B.1.1.7;alt_voc_name=(20I/501Y.V1;501Y.V1;UK variant;VOC 202012/01);clade_defining=true;curator=Anoosha;clade_defining=true;curator_orcid=https://orcid.org/0000-0001-5275-8866
MN908947.3	https://cov-lineages.org/global_report_B.1.1.7.html	SNV	5388	5388	.	+	.	ID=B.1.1.7-A1708D;Name=p.Ala1708Asp;Alias=A1708D;nt_name=g.5388C>A;gene=ORF1ab;del=C;ins=A;Ontology_term=;mutation_effects=;mutation_type=nonsynonymous;voc_status=VOC;voc_name=B.1.1.7;alt_voc_name=(20I/501Y.V1;501Y.V1;UK variant;VOC 202012/01);clade_defining=true;curator=Anoosha;clade_defining=true;curator_orcid=https://orcid.org/0000-0001-5275-8866
MN908947.3	https://cov-lineages.org/global_report_B.1.1.7.html	SNV	6954	6954	.	+	.	ID=B.1.1.7-I2230T;Name=p.Ile2230Thr;Alias=I2230T;nt_name=g.6954T>C;gene=ORF1ab;del=T;ins=C;Ontology_term=;mutation_effects=;mutation_type=nonsynonymous;voc_status=VOC;voc_name=B.1.1.7;alt_voc_name=(20I/501Y.V1;501Y.V1;UK variant;VOC 202012/01);clade_defining=true;curator=Anoosha;clade_defining=true;curator_orcid=https://orcid.org/0000-0001-5275-8866
MN908947.3	https://cov-lineages.org/global_report_B.1.1.7.html	deletion	11288	11296	.	+	.	ID=B.1.1.7-3675_3677del;Name=;Alias=3675_3677del;nt_name=g.11288_11296del;gene=ORF1ab;del=;ins=;Ontology_term=;mutation_effects=;mutation_type=deletion;voc_status=VOC;voc_name=B.1.1.7;alt_voc_name=(20I/501Y.V1;501Y.V1;UK variant;VOC 202012/01);clade_defining=true;curator=Anoosha;clade_defining=true;curator_orcid=https://orcid.org/0000-0001-5275-8866
MN908947.3	n	SNV	913	913	.	+	.	ID=B.1.1.7-913C>T;Name=;Alias=;nt_name=g.913C>T;gene=ORF1ab;del=C;ins=T;Ontology_term=;mutation_effects=;mutation_type=synonymous;voc_status=VOC;voc_name=B.1.1.7;alt_voc_name=(20I/501Y.V1;501Y.V1;UK variant;VOC 202012/01);clade_defining=true;curator=Anoosha;clade_defining=true;curator_orcid=https://orcid.org/0000-0001-5275-8866
MN908947.3	n	SNV	5986	5986	.	+	.	ID=B.1.1.7-5986C>T;Name=;Alias=;nt_name=;gene=ORF1ab;del=C;ins=T;Ontology_term=;mutation_effects=;mutation_type=synonymous;voc_status=VOC;voc_name=B.1.1.7;alt_voc_name=(20I/501Y.V1;501Y.V1;UK variant;VOC 202012/01);clade_defining=true;curator=Anoosha;clade_defining=true;curator_orcid=https://orcid.org/0000-0001-5275-8866
MN908947.3	n	SNV	14676	14676	.	+	.	ID=B.1.1.7-14676C>T;Name=;Alias=;nt_name=;gene=ORF1ab;del=C;ins=T;Ontology_term=;mutation_effects=;mutation_type=synonymous;voc_status=VOC;voc_name=B.1.1.7;alt_voc_name=(20I/501Y.V1;501Y.V1;UK variant;VOC 202012/01);clade_defining=true;curator=Anoosha;clade_defining=true;curator_orcid=https://orcid.org/0000-0001-5275-8866
MN908947.3	n	SNV	15279	15279	.	+	.	ID=B.1.1.7-15279C>T;Name=;Alias=;nt_name=;gene=ORF1ab;del=C;ins=T;Ontology_term=;mutation_effects=;mutation_type=synonymous;voc_status=VOC;voc_name=B.1.1.7;alt_voc_name=(20I/501Y.V1;501Y.V1;UK variant;VOC 202012/01);clade_defining=true;curator=Anoosha;clade_defining=true;curator_orcid=https://orcid.org/0000-0001-5275-8866
MN908947.3	n	SNV	16176	16176	.	+	.	ID=B.1.1.7-16176T>C;Name=;Alias=;nt_name=;gene=ORF1ab;del=T;ins=C;Ontology_term=;mutation_effects=;mutation_type=synonymous;voc_status=VOC;voc_name=B.1.1.7;alt_voc_name=(20I/501Y.V1;501Y.V1;UK variant;VOC 202012/01);clade_defining=true;curator=Anoosha;clade_defining=true;curator_orcid=https://orcid.org/0000-0001-5275-8866
MN908947.3	n	SNV	26801	26801	.	+	.	ID=B.1.1.7-26801T>C;Name=;Alias=;nt_name=;gene=M;del=T;ins=C;Ontology_term=;mutation_effects=;mutation_type=synonymous;voc_status=VOC;voc_name=B.1.1.7;alt_voc_name=(20I/501Y.V1;501Y.V1;UK variant;VOC 202012/01);clade_defining=true;curator=Anoosha;clade_defining=true;curator_orcid=https://orcid.org/0000-0001-5275-8866
MN908947.3	n	SNV	1059	1059	.	+	.	ID=B.1.351-T265I;Name=p.Thr265Ile;Alias=T265I;nt_name=g.1059C>T;gene=ORF1ab;del=C;ins=T;Ontology_term=;mutation_effects=;mutation_type=nonsynonymous;voc_status=VOC;voc_name=B.1.351;alt_voc_name=(501Y.V2;20H/501Y.V2;South African variant);clade_defining=true;curator=Madeline;clade_defining=true;curator_orcid=https://orcid.org/0000-0002-0548-891X
MN908947.3	https://cov-lineages.org/global_report_B.1.351.html	SNV	5230	5230	.	+	.	ID=B.1.351-K1655N;Name=p.Lys1655Asn;Alias=K1655N;nt_name=g.5230G>T;gene=ORF1ab;del=G;ins=T;Ontology_term=;mutation_effects=;mutation_type=nonsynonymous;voc_status=VOC;voc_name=B.1.351;alt_voc_name=(501Y.V2;20H/501Y.V2;South African variant);clade_defining=true;curator=Madeline;clade_defining=true;curator_orcid=https://orcid.org/0000-0002-0548-891X
MN908947.3	n	SNV	8660	8660	.	+	.	ID=B.1.351-H2799Y;Name=p.His2799Tyr;Alias=H2799Y;nt_name=g.8660C>T;gene=ORF1ab;del=C;ins=T;Ontology_term=;mutation_effects=;mutation_type=nonsynonymous;voc_status=VOC;voc_name=B.1.351;alt_voc_name=(501Y.V2;20H/501Y.V2;South African variant);clade_defining=true;curator=Madeline;clade_defining=true;curator_orcid=https://orcid.org/0000-0002-0548-891X
MN908947.3	n	SNV	8964	8964	.	+	.	ID=B.1.351-S2900L;Name=p.Ser2900Leu;Alias=S2900L;nt_name=g.8964C>T;gene=ORF1ab;del=C;ins=T;Ontology_term=;mutation_effects=;mutation_type=nonsynonymous;voc_status=VOC;voc_name=B.1.351;alt_voc_name=(501Y.V2;20H/501Y.V2;South African variant);clade_defining=true;curator=Madeline;clade_defining=true;curator_orcid=https://orcid.org/0000-0002-0548-891X
MN908947.3	n	SNV	10323	10323	.	+	.	ID=B.1.351-K3353R;Name=p.Lys3353Arg;Alias=K3353R;nt_name=g.10323A>G;gene=ORF1ab;del=A;ins=G;Ontology_term=;mutation_effects=;mutation_type=nonsynonymous;voc_status=VOC;voc_name=B.1.351;alt_voc_name=(501Y.V2;20H/501Y.V2;South African variant);clade_defining=true;curator=Madeline;clade_defining=true;curator_orcid=https://orcid.org/0000-0002-0548-891X
MN908947.3	n	SNV	13843	13843	.	+	.	ID=B.1.351-D4527Y;Name=p.Asp4527Tyr;Alias=D4527Y;nt_name=g.13843G>T;gene=ORF1ab;del=G;ins=T;Ontology_term=;mutation_effects=;mutation_type=nonsynonymous;voc_status=VOC;voc_name=B.1.351;alt_voc_name=(501Y.V2;20H/501Y.V2;South African variant);clade_defining=true;curator=Madeline;clade_defining=true;curator_orcid=https://orcid.org/0000-0002-0548-891X
MN908947.3	n	SNV	17999	17999	.	+	.	ID=B.1.351-T5912I;Name=;Alias=T5912I;nt_name=;gene=ORF1ab;del=C;ins=T;Ontology_term=;mutation_effects=;mutation_type=nonsynonymous;voc_status=VOC;voc_name=B.1.351;alt_voc_name=(501Y.V2;20H/501Y.V2;South African variant);clade_defining=true;curator=Madeline;clade_defining=true;curator_orcid=https://orcid.org/0000-0002-0548-891X
MN908947.3	n	SNV	21614	21614	.	+	.	ID=B.1.351-L18F;Name=;Alias=L18F;nt_name=;gene=S;del=C;ins=T;Ontology_term=;mutation_effects=;mutation_type=nonsynonymous;voc_status=VOC;voc_name=B.1.351;alt_voc_name=(501Y.V2;20H/501Y.V2;South African variant);clade_defining=true;curator=Madeline;clade_defining=true;curator_orcid=https://orcid.org/0000-0002-0548-891X
MN908947.3	https://cov-lineages.org/global_report_B.1.351.html	SNV	21801	21801	.	+	.	ID=B.1.351-D80A;Name=;Alias=D80A;nt_name=;gene=S;del=A;ins=C;Ontology_term=;mutation_effects=;mutation_type=nonsynonymous;voc_status=VOC;voc_name=B.1.351;alt_voc_name=(501Y.V2;20H/501Y.V2;South African variant);clade_defining=true;curator=Madeline;clade_defining=true;curator_orcid=https://orcid.org/0000-0002-0548-891X
MN908947.3	https://cov-lineages.org/global_report_B.1.351.html	SNV	22206	22206	.	+	.	ID=B.1.351-D215G;Name=;Alias=D215G;nt_name=;gene=S;del=A;ins=G;Ontology_term=;mutation_effects=;mutation_type=nonsynonymous;voc_status=VOC;voc_name=B.1.351;alt_voc_name=(501Y.V2;20H/501Y.V2;South African variant);clade_defining=true;curator=Madeline;clade_defining=true;curator_orcid=https://orcid.org/0000-0002-0548-891X
MN908947.3	n	SNV	22287	22287	.	+	.	ID=B.1.351-L242H;Name=;Alias=L242H;nt_name=;gene=S;del=T;ins=A;Ontology_term=;mutation_effects=;mutation_type=nonsynonymous;voc_status=VOC;voc_name=B.1.351;alt_voc_name=(501Y.V2;20H/501Y.V2;South African variant);clade_defining=true;curator=Madeline;clade_defining=true;curator_orcid=https://orcid.org/0000-0002-0548-891X
MN908947.3	n	deletion	22286	22294	.	+	.	ID=B.1.351-242_244del;Name=;Alias=242_244del;nt_name=;gene=S;del=;ins=;Ontology_term=;mutation_effects=;mutation_type=deletion;voc_status=VOC;voc_name=B.1.351;alt_voc_name=(501Y.V2;20H/501Y.V2;South African variant);clade_defining=true;curator=Madeline;clade_defining=true;curator_orcid=https://orcid.org/0000-0002-0548-891X
MN908947.3	n	SNV	22299	22299	.	+	.	ID=B.1.351-R246I;Name=;Alias=R246I;nt_name=;gene=S;del=G;ins=T;Ontology_term=;mutation_effects=;mutation_type=nonsynonymous;voc_status=VOC;voc_name=B.1.351;alt_voc_name=(501Y.V2;20H/501Y.V2;South African variant);clade_defining=true;curator=Madeline;clade_defining=true;curator_orcid=https://orcid.org/0000-0002-0548-891X
MN908947.3	https://cov-lineages.org/global_report_B.1.351.html	SNV	22813	22813	.	+	.	ID=B.1.351-K417N;Name=;Alias=K417N;nt_name=;gene=S;del=G;ins=T;Ontology_term=;mutation_effects=;mutation_type=nonsynonymous;voc_status=VOC;voc_name=B.1.351;alt_voc_name=(501Y.V2;20H/501Y.V2;South African variant);clade_defining=true;curator=Madeline;clade_defining=true;curator_orcid=https://orcid.org/0000-0002-0548-891X
MN908947.3	https://cov-lineages.org/global_report_B.1.351.html	SNV	23012	23012	.	+	.	ID=B.1.351-E484K;Name=;Alias=E484K;nt_name=;gene=S;del=G;ins=A;Ontology_term=;mutation_effects=;mutation_type=nonsynonymous;voc_status=VOC;voc_name=B.1.351;alt_voc_name=(501Y.V2;20H/501Y.V2;South African variant);clade_defining=true;curator=Madeline;clade_defining=true;curator_orcid=https://orcid.org/0000-0002-0548-891X
MN908947.3	https://cov-lineages.org/global_report_B.1.351.html	SNV	23063	23063	.	+	.	ID=B.1.351-N501Y;Name=;Alias=N501Y;nt_name=;gene=S;del=A;ins=T;Ontology_term=;mutation_effects=;mutation_type=nonsynonymous;voc_status=VOC;voc_name=B.1.351;alt_voc_name=(501Y.V2;20H/501Y.V2;South African variant);clade_defining=true;curator=Madeline;clade_defining=true;curator_orcid=https://orcid.org/0000-0002-0548-891X
MN908947.3	https://cov-lineages.org/global_report_B.1.351.html	SNV	23664	23664	.	+	.	ID=B.1.351-A701V;Name=;Alias=A701V;nt_name=;gene=S;del=C;ins=T;Ontology_term=;mutation_effects=;mutation_type=nonsynonymous;voc_status=VOC;voc_name=B.1.351;alt_voc_name=(501Y.V2;20H/501Y.V2;South African variant);clade_defining=true;curator=Madeline;clade_defining=true;curator_orcid=https://orcid.org/0000-0002-0548-891X
MN908947.3	n	SNV	25563	25563	.	+	.	ID=B.1.351-Q57H;Name=;Alias=Q57H;nt_name=;gene=ORF3a;del=G;ins=T;Ontology_term=;mutation_effects=;mutation_type=nonsynonymous;voc_status=VOC;voc_name=B.1.351;alt_voc_name=(501Y.V2;20H/501Y.V2;South African variant);clade_defining=true;curator=Madeline;clade_defining=true;curator_orcid=https://orcid.org/0000-0002-0548-891X
MN908947.3	n	SNV	25904	25904	.	+	.	ID=B.1.351-S171L;Name=;Alias=S171L;nt_name=;gene=ORF3a;del=C;ins=T;Ontology_term=;mutation_effects=;mutation_type=nonsynonymous;voc_status=VOC;voc_name=B.1.351;alt_voc_name=(501Y.V2;20H/501Y.V2;South African variant);clade_defining=true;curator=Madeline;clade_defining=true;curator_orcid=https://orcid.org/0000-0002-0548-891X
MN908947.3	https://cov-lineages.org/global_report_B.1.351.html	SNV	26456	26456	.	+	.	ID=B.1.351-P71L;Name=;Alias=P71L;nt_name=;gene=E;del=C;ins=T;Ontology_term=;mutation_effects=;mutation_type=nonsynonymous;voc_status=VOC;voc_name=B.1.351;alt_voc_name=(501Y.V2;20H/501Y.V2;South African variant);clade_defining=true;curator=Madeline;clade_defining=true;curator_orcid=https://orcid.org/0000-0002-0548-891X
MN908947.3	https://cov-lineages.org/global_report_B.1.351.html	SNV	28887	28887	.	+	.	ID=B.1.351-T205I;Name=;Alias=T205I;nt_name=;gene=N;del=C;ins=T;Ontology_term=;mutation_effects=;mutation_type=nonsynonymous;voc_status=VOC;voc_name=B.1.351;alt_voc_name=(501Y.V2;20H/501Y.V2;South African variant);clade_defining=true;curator=Madeline;clade_defining=true;curator_orcid=https://orcid.org/0000-0002-0548-891X
MN908947.3	n	SNV	733	733	.	+	.	ID=P.1-733T>C;Name=;Alias=;nt_name=;gene=ORF1ab;del=T;ins=C;Ontology_term=;mutation_effects=;mutation_type=synonymous;voc_status=VOC;voc_name=P.1;alt_voc_name=(20J/501Y.V3;501Y.V3;Brazil variant;Manaus variant;B.1.1.28.1);clade_defining=true;curator=Madeline;clade_defining=true;curator_orcid=https://orcid.org/0000-0002-0548-891X
MN908947.3	n	SNV	2749	2749	.	+	.	ID=P.1-2749C>T;Name=;Alias=;nt_name=;gene=ORF1ab;del=C;ins=T;Ontology_term=;mutation_effects=;mutation_type=synonymous;voc_status=VOC;voc_name=P.1;alt_voc_name=(20J/501Y.V3;501Y.V3;Brazil variant;Manaus variant;B.1.1.28.1);clade_defining=true;curator=Madeline;clade_defining=true;curator_orcid=https://orcid.org/0000-0002-0548-891X
MN908947.3	https://cov-lineages.org/global_report_P.1.html	SNV	3828	3828	.	+	.	ID=P.1-S1188L;Name=;Alias=S1188L;nt_name=;gene=ORF1ab;del=C;ins=T;Ontology_term=;mutation_effects=;mutation_type=nonsynonymous;voc_status=VOC;voc_name=P.1;alt_voc_name=(20J/501Y.V3;501Y.V3;Brazil variant;Manaus variant;B.1.1.28.1);clade_defining=true;curator=Madeline;clade_defining=true;curator_orcid=https://orcid.org/0000-0002-0548-891X
MN908947.3	https://cov-lineages.org/global_report_P.1.html	SNV	5648	5648	.	+	.	ID=P.1-K1795Q;Name=;Alias=K1795Q;nt_name=;gene=ORF1ab;del=A;ins=C;Ontology_term=;mutation_effects=;mutation_type=nonsynonymous;voc_status=VOC;voc_name=P.1;alt_voc_name=(20J/501Y.V3;501Y.V3;Brazil variant;Manaus variant;B.1.1.28.1);clade_defining=true;curator=Madeline;clade_defining=true;curator_orcid=https://orcid.org/0000-0002-0548-891X
MN908947.3	https://cov-lineages.org/global_report_P.1.html	deletion	11288	11296	.	+	.	ID=P.1-3675_3677del;Name=;Alias=3675_3677del;nt_name=;gene=ORF1ab;del=;ins=;Ontology_term=;mutation_effects=;mutation_type=deletion;voc_status=VOC;voc_name=P.1;alt_voc_name=(20J/501Y.V3;501Y.V3;Brazil variant;Manaus variant;B.1.1.28.1);clade_defining=true;curator=Madeline;clade_defining=true;curator_orcid=https://orcid.org/0000-0002-0548-891X
MN908947.3	n	SNV	12778	12778	.	+	.	ID=P.1-12778C>T;Name=;Alias=;nt_name=;gene=ORF1ab;del=C;ins=T;Ontology_term=;mutation_effects=;mutation_type=synonymous;voc_status=VOC;voc_name=P.1;alt_voc_name=(20J/501Y.V3;501Y.V3;Brazil variant;Manaus variant;B.1.1.28.1);clade_defining=true;curator=Madeline;clade_defining=true;curator_orcid=https://orcid.org/0000-0002-0548-891X
MN908947.3	n	SNV	13860	13860	.	+	.	ID=P.1-T4532I;Name=;Alias=T4532I;nt_name=;gene=ORF1ab;del=C;ins=T;Ontology_term=;mutation_effects=;mutation_type=nonsynonymous;voc_status=VOC;voc_name=P.1;alt_voc_name=(20J/501Y.V3;501Y.V3;Brazil variant;Manaus variant;B.1.1.28.1);clade_defining=true;curator=Madeline;clade_defining=true;curator_orcid=https://orcid.org/0000-0002-0548-891X
MN908947.3	https://virological.org/t/genomic-characterisation-of-an-emergent-sars-cov-2-lineage-in-manaus-preliminary-findings/586	SNV	17259	17259	.	+	.	ID=P.1-E5665D;Name=;Alias=E5665D;nt_name=;gene=ORF1ab;del=;ins=;Ontology_term=;mutation_effects=;mutation_type=nonsynonymous;voc_status=VOC;voc_name=P.1;alt_voc_name=(20J/501Y.V3;501Y.V3;Brazil variant;Manaus variant;B.1.1.28.1);clade_defining=true;curator=Madeline;clade_defining=true;curator_orcid=https://orcid.org/0000-0002-0548-891X
MN908947.3	https://www.biorxiv.org/content/10.1101/2021.01.27.426895v1	SNV	17259	17259	.	+	.	ID=P.1-S56651;Name=;Alias=S56651;nt_name=;gene=ORF1ab;del=G;ins=T;Ontology_term=;mutation_effects=;mutation_type=nonsynonymous;voc_status=VOC;voc_name=P.1;alt_voc_name=(20J/501Y.V3;501Y.V3;Brazil variant;Manaus variant;B.1.1.28.1);clade_defining=true;curator=Madeline;clade_defining=true;curator_orcid=https://orcid.org/0000-0002-0548-891X
MN908947.3	https://cov-lineages.org/global_report_P.1.html	SNV	21614	21614	.	+	.	ID=P.1-L18F;Name=;Alias=L18F;nt_name=;gene=S;del=C;ins=T;Ontology_term=;mutation_effects=;mutation_type=nonsynonymous;voc_status=VOC;voc_name=P.1;alt_voc_name=(20J/501Y.V3;501Y.V3;Brazil variant;Manaus variant;B.1.1.28.1);clade_defining=true;curator=Madeline;clade_defining=true;curator_orcid=https://orcid.org/0000-0002-0548-891X
MN908947.3	https://cov-lineages.org/global_report_P.1.html	SNV	21621	21621	.	+	.	ID=P.1-T20N;Name=;Alias=T20N;nt_name=;gene=S;del=C;ins=A;Ontology_term=;mutation_effects=;mutation_type=nonsynonymous;voc_status=VOC;voc_name=P.1;alt_voc_name=(20J/501Y.V3;501Y.V3;Brazil variant;Manaus variant;B.1.1.28.1);clade_defining=true;curator=Madeline;clade_defining=true;curator_orcid=https://orcid.org/0000-0002-0548-891X
MN908947.3	https://cov-lineages.org/global_report_P.1.html	SNV	21638	21638	.	+	.	ID=P.1-P26S;Name=;Alias=P26S;nt_name=;gene=S;del=C;ins=T;Ontology_term=;mutation_effects=;mutation_type=nonsynonymous;voc_status=VOC;voc_name=P.1;alt_voc_name=(20J/501Y.V3;501Y.V3;Brazil variant;Manaus variant;B.1.1.28.1);clade_defining=true;curator=Madeline;clade_defining=true;curator_orcid=https://orcid.org/0000-0002-0548-891X
MN908947.3	https://cov-lineages.org/global_report_P.1.html	SNV	21974	21974	.	+	.	ID=P.1-D138Y;Name=;Alias=D138Y;nt_name=;gene=S;del=G;ins=T;Ontology_term=;mutation_effects=;mutation_type=nonsynonymous;voc_status=VOC;voc_name=P.1;alt_voc_name=(20J/501Y.V3;501Y.V3;Brazil variant;Manaus variant;B.1.1.28.1);clade_defining=true;curator=Madeline;clade_defining=true;curator_orcid=https://orcid.org/0000-0002-0548-891X
MN908947.3	https://cov-lineages.org/global_report_P.1.html	SNV	22132	22132	.	+	.	ID=P.1-R190S;Name=;Alias=R190S;nt_name=;gene=S;del=G;ins=T;Ontology_term=;mutation_effects=;mutation_type=nonsynonymous;voc_status=VOC;voc_name=P.1;alt_voc_name=(20J/501Y.V3;501Y.V3;Brazil variant;Manaus variant;B.1.1.28.1);clade_defining=true;curator=Madeline;clade_defining=true;curator_orcid=https://orcid.org/0000-0002-0548-891X
MN908947.3	https://cov-lineages.org/global_report_P.1.html	SNV	22812	22812	.	+	.	ID=P.1-K417T;Name=;Alias=K417T;nt_name=;gene=S;del=A;ins=C;Ontology_term=;mutation_effects=;mutation_type=nonsynonymous;voc_status=VOC;voc_name=P.1;alt_voc_name=(20J/501Y.V3;501Y.V3;Brazil variant;Manaus variant;B.1.1.28.1);clade_defining=true;curator=Madeline;clade_defining=true;curator_orcid=https://orcid.org/0000-0002-0548-891X
MN908947.3	https://cov-lineages.org/global_report_P.1.html	SNV	23012	23012	.	+	.	ID=P.1-E484K;Name=;Alias=E484K;nt_name=;gene=S;del=G;ins=A;Ontology_term=;mutation_effects=;mutation_type=nonsynonymous;voc_status=VOC;voc_name=P.1;alt_voc_name=(20J/501Y.V3;501Y.V3;Brazil variant;Manaus variant;B.1.1.28.1);clade_defining=true;curator=Madeline;clade_defining=true;curator_orcid=https://orcid.org/0000-0002-0548-891X
MN908947.3	https://cov-lineages.org/global_report_P.1.html	SNV	23063	23063	.	+	.	ID=P.1-N501Y;Name=;Alias=N501Y;nt_name=;gene=S;del=A;ins=T;Ontology_term=;mutation_effects=;mutation_type=nonsynonymous;voc_status=VOC;voc_name=P.1;alt_voc_name=(20J/501Y.V3;501Y.V3;Brazil variant;Manaus variant;B.1.1.28.1);clade_defining=true;curator=Madeline;clade_defining=true;curator_orcid=https://orcid.org/0000-0002-0548-891X
MN908947.3	https://cov-lineages.org/global_report_P.1.html	SNV	23525	23525	.	+	.	ID=P.1-H655Y;Name=;Alias=H655Y;nt_name=;gene=S;del=C;ins=T;Ontology_term=;mutation_effects=;mutation_type=nonsynonymous;voc_status=VOC;voc_name=P.1;alt_voc_name=(20J/501Y.V3;501Y.V3;Brazil variant;Manaus variant;B.1.1.28.1);clade_defining=true;curator=Madeline;clade_defining=true;curator_orcid=https://orcid.org/0000-0002-0548-891X
MN908947.3	https://cov-lineages.org/global_report_P.1.html	SNV	24642	24642	.	+	.	ID=P.1-T1027I;Name=;Alias=T1027I;nt_name=;gene=S;del=C;ins=T;Ontology_term=;mutation_effects=;mutation_type=nonsynonymous;voc_status=VOC;voc_name=P.1;alt_voc_name=(20J/501Y.V3;501Y.V3;Brazil variant;Manaus variant;B.1.1.28.1);clade_defining=true;curator=Madeline;clade_defining=true;curator_orcid=https://orcid.org/0000-0002-0548-891X
MN908947.3	n	SNV	26149	26149	.	+	.	ID=P.1-S253P;Name=;Alias=S253P;nt_name=;gene=ORF3a;del=T;ins=C;Ontology_term=;mutation_effects=;mutation_type=nonsynonymous;voc_status=VOC;voc_name=P.1;alt_voc_name=(20J/501Y.V3;501Y.V3;Brazil variant;Manaus variant;B.1.1.28.1);clade_defining=true;curator=Madeline;clade_defining=true;curator_orcid=https://orcid.org/0000-0002-0548-891X
MN908947.3	https://cov-lineages.org/global_report_P.1.html	SNV	28167	28167	.	+	.	ID=P.1-E92K;Name=;Alias=E92K;nt_name=;gene=ORF8;del=G;ins=A;Ontology_term=;mutation_effects=;mutation_type=nonsynonymous;voc_status=VOC;voc_name=P.1;alt_voc_name=(20J/501Y.V3;501Y.V3;Brazil variant;Manaus variant;B.1.1.28.1);clade_defining=true;curator=Madeline;clade_defining=true;curator_orcid=https://orcid.org/0000-0002-0548-891X
MN908947.3	n	insertion	28269	28273	.	+	.	ID=P.1-;Name=;Alias=;nt_name=;gene=;del=;ins=;Ontology_term=;mutation_effects=;mutation_type=nonsynonymous;voc_status=VOC;voc_name=P.1;alt_voc_name=(20J/501Y.V3;501Y.V3;Brazil variant;Manaus variant;B.1.1.28.1);clade_defining=true;curator=Madeline;clade_defining=true;curator_orcid=https://orcid.org/0000-0002-0548-891X
MN908947.3	https://cov-lineages.org/global_report_P.1.html	SNV	28512	28512	.	+	.	ID=P.1-P80R;Name=;Alias=P80R;nt_name=;gene=N;del=C;ins=G;Ontology_term=;mutation_effects=;mutation_type=nonsynonymous;voc_status=VOC;voc_name=P.1;alt_voc_name=(20J/501Y.V3;501Y.V3;Brazil variant;Manaus variant;B.1.1.28.1);clade_defining=true;curator=Madeline;clade_defining=true;curator_orcid=https://orcid.org/0000-0002-0548-891X
MN908947.3	n	substitution	28877	28883	.	+	.	ID=P.1-RG203KR;Name=;Alias=RG203KR;nt_name=;gene=N;del=AGTAGGG;ins=TCTAAAC;Ontology_term=;mutation_effects=;mutation_type=nonsynonymous;voc_status=VOC;voc_name=P.1;alt_voc_name=(20J/501Y.V3;501Y.V3;Brazil variant;Manaus variant;B.1.1.28.1);clade_defining=true;curator=Madeline;clade_defining=true;curator_orcid=https://orcid.org/0000-0002-0548-891X
MN908947.3	https://cov-lineages.org/global_report_A.23.1.html	SNV			.	+	.	ID=A.23.1-F157L;Name=;Alias=F157L;nt_name=;gene=S;del=;ins=;Ontology_term=;mutation_effects=;mutation_type=nonsynonymous;voc_status=VUI;voc_name=A.23.1;alt_voc_name=VUI-202102/01;clade_defining=true;curator=Anoosha;clade_defining=true;curator_orcid=https://orcid.org/0000-0001-5275-8866
MN908947.3	https://cov-lineages.org/global_report_A.23.1.html	SNV			.	+	.	ID=A.23.1-V367F;Name=;Alias=V367F;nt_name=;gene=S;del=;ins=;Ontology_term=;mutation_effects=;mutation_type=nonsynonymous;voc_status=VUI;voc_name=A.23.1;alt_voc_name=VUI-202102/01;clade_defining=true;curator=Anoosha;clade_defining=true;curator_orcid=https://orcid.org/0000-0001-5275-8866
MN908947.3	https://cov-lineages.org/global_report_A.23.1.html	SNV			.	+	.	ID=A.23.1-Q613H;Name=;Alias=Q613H;nt_name=;gene=S;del=;ins=;Ontology_term=;mutation_effects=;mutation_type=nonsynonymous;voc_status=VUI;voc_name=A.23.1;alt_voc_name=VUI-202102/01;clade_defining=true;curator=Anoosha;clade_defining=true;curator_orcid=https://orcid.org/0000-0001-5275-8866
MN908947.3	https://cov-lineages.org/global_report_A.23.1.html	SNV			.	+	.	ID=A.23.1-P681R;Name=;Alias=P681R;nt_name=;gene=S;del=;ins=;Ontology_term=;mutation_effects=;mutation_type=nonsynonymous;voc_status=VUI;voc_name=A.23.1;alt_voc_name=VUI-202102/01;clade_defining=true;curator=Anoosha;clade_defining=true;curator_orcid=https://orcid.org/0000-0001-5275-8866
MN908947.3	y	SNV			.	+	.	ID=B.1.525-L4715F;Name=;Alias=L4715F;nt_name=;gene=ORF1ab;del=;ins=;Ontology_term=;mutation_effects=;mutation_type=nonsynonymous;voc_status=VUI;voc_name=B.1.525;alt_voc_name=(VUI-202102/03;UK1188);clade_defining=true;curator=Anoosha;clade_defining=true;curator_orcid=https://orcid.org/0000-0001-5275-8866
MN908947.3	y	SNV			.	+	.	ID=B.1.525-Q52R;Name=;Alias=Q52R;nt_name=;gene=S;del=;ins=;Ontology_term=;mutation_effects=;mutation_type=nonsynonymous;voc_status=VUI;voc_name=B.1.525;alt_voc_name=(VUI-202102/03;UK1188);clade_defining=true;curator=Anoosha;clade_defining=true;curator_orcid=https://orcid.org/0000-0001-5275-8866
MN908947.3	y	SNV			.	+	.	ID=B.1.525-E484K;Name=;Alias=E484K;nt_name=;gene=S;del=;ins=;Ontology_term=;mutation_effects=;mutation_type=nonsynonymous;voc_status=VUI;voc_name=B.1.525;alt_voc_name=(VUI-202102/03;UK1188);clade_defining=true;curator=Anoosha;clade_defining=true;curator_orcid=https://orcid.org/0000-0001-5275-8866
MN908947.3	y	SNV			.	+	.	ID=B.1.525-Q677H;Name=;Alias=Q677H;nt_name=;gene=S;del=;ins=;Ontology_term=;mutation_effects=;mutation_type=nonsynonymous;voc_status=VUI;voc_name=B.1.525;alt_voc_name=(VUI-202102/03;UK1188);clade_defining=true;curator=Anoosha;clade_defining=true;curator_orcid=https://orcid.org/0000-0001-5275-8866
MN908947.3	y	SNV			.	+	.	ID=B.1.525-F888L;Name=;Alias=F888L;nt_name=;gene=S;del=;ins=;Ontology_term=;mutation_effects=;mutation_type=nonsynonymous;voc_status=VUI;voc_name=B.1.525;alt_voc_name=(VUI-202102/03;UK1188);clade_defining=true;curator=Anoosha;clade_defining=true;curator_orcid=https://orcid.org/0000-0001-5275-8866
MN908947.3	y	SNV			.	+	.	ID=B.1.525-L21F;Name=;Alias=L21F;nt_name=;gene=E;del=;ins=;Ontology_term=;mutation_effects=;mutation_type=nonsynonymous;voc_status=VUI;voc_name=B.1.525;alt_voc_name=(VUI-202102/03;UK1188);clade_defining=true;curator=Anoosha;clade_defining=true;curator_orcid=https://orcid.org/0000-0001-5275-8866
MN908947.3	y	SNV			.	+	.	ID=B.1.525-I82T;Name=;Alias=I82T;nt_name=;gene=E;del=;ins=;Ontology_term=;mutation_effects=;mutation_type=nonsynonymous;voc_status=VUI;voc_name=B.1.525;alt_voc_name=(VUI-202102/03;UK1188);clade_defining=true;curator=Anoosha;clade_defining=true;curator_orcid=https://orcid.org/0000-0001-5275-8866
MN908947.3	y	deletion	11288	11296	.	+	.	ID=B.1.525-;Name=;Alias=;nt_name=;gene=;del=;ins=;Ontology_term=;mutation_effects=;mutation_type=deletion;voc_status=VUI;voc_name=B.1.525;alt_voc_name=(VUI-202102/03;UK1188);clade_defining=true;curator=Anoosha;clade_defining=true;curator_orcid=https://orcid.org/0000-0001-5275-8866
MN908947.3	y	deletion	21765	21770	.	+	.	ID=B.1.525-;Name=;Alias=;nt_name=;gene=;del=;ins=;Ontology_term=;mutation_effects=;mutation_type=deletion;voc_status=VUI;voc_name=B.1.525;alt_voc_name=(VUI-202102/03;UK1188);clade_defining=true;curator=Anoosha;clade_defining=true;curator_orcid=https://orcid.org/0000-0001-5275-8866
MN908947.3	y	deletion	28278	28280	.	+	.	ID=B.1.525-;Name=;Alias=;nt_name=;gene=;del=;ins=;Ontology_term=;mutation_effects=;mutation_type=deletion;voc_status=VUI;voc_name=B.1.525;alt_voc_name=(VUI-202102/03;UK1188);clade_defining=true;curator=Anoosha;clade_defining=true;curator_orcid=https://orcid.org/0000-0001-5275-8866
MN908947.3	https://outbreak.info/situation-reports?pango=B.1.429&country=United%20States&division=California&selected=California&selectedType=division	SNV			.	+	.	ID=B.1.429-T265I;Name=;Alias=T265I;nt_name=;gene=ORF1a;del=;ins=;Ontology_term=;mutation_effects=;mutation_type=nonsynonymous;voc_status=VOI;voc_name=B.1.429;alt_voc_name=;clade_defining=true;curator=Anoosha;clade_defining=true;curator_orcid=https://orcid.org/0000-0001-5275-8866
MN908947.3	https://outbreak.info/situation-reports?pango=B.1.429&country=United%20States&division=California&selected=California&selectedType=division	SNV			.	+	.	ID=B.1.429-I4205V;Name=;Alias=I4205V;nt_name=;gene=ORF1a;del=;ins=;Ontology_term=;mutation_effects=;mutation_type=nonsynonymous;voc_status=VOI;voc_name=B.1.429;alt_voc_name=;clade_defining=true;curator=Anoosha;clade_defining=true;curator_orcid=https://orcid.org/0000-0001-5275-8866
MN908947.3	https://outbreak.info/situation-reports?pango=B.1.429&country=United%20States&division=California&selected=California&selectedType=division	SNV			.	+	.	ID=B.1.429-P314L;Name=;Alias=P314L;nt_name=;gene=ORF1b;del=;ins=;Ontology_term=;mutation_effects=;mutation_type=nonsynonymous;voc_status=VOI;voc_name=B.1.429;alt_voc_name=;clade_defining=true;curator=Anoosha;clade_defining=true;curator_orcid=https://orcid.org/0000-0001-5275-8866
MN908947.3	https://outbreak.info/situation-reports?pango=B.1.429&country=United%20States&division=California&selected=California&selectedType=division	SNV			.	+	.	ID=B.1.429-D1183Y;Name=;Alias=D1183Y;nt_name=;gene=ORF1b;del=;ins=;Ontology_term=;mutation_effects=;mutation_type=nonsynonymous;voc_status=VOI;voc_name=B.1.429;alt_voc_name=;clade_defining=true;curator=Anoosha;clade_defining=true;curator_orcid=https://orcid.org/0000-0001-5275-8866
MN908947.3	https://outbreak.info/situation-reports?pango=B.1.429&country=United%20States&division=California&selected=California&selectedType=division	SNV			.	+	.	ID=B.1.429-S13I;Name=;Alias=S13I;nt_name=;gene=S;del=;ins=;Ontology_term=;mutation_effects=;mutation_type=nonsynonymous;voc_status=VOI;voc_name=B.1.429;alt_voc_name=;clade_defining=true;curator=Anoosha;clade_defining=true;curator_orcid=https://orcid.org/0000-0001-5275-8866
MN908947.3	https://outbreak.info/situation-reports?pango=B.1.429&country=United%20States&division=California&selected=California&selectedType=division	SNV			.	+	.	ID=B.1.429-W152C;Name=;Alias=W152C;nt_name=;gene=S;del=;ins=;Ontology_term=;mutation_effects=;mutation_type=nonsynonymous;voc_status=VOI;voc_name=B.1.429;alt_voc_name=;clade_defining=true;curator=Anoosha;clade_defining=true;curator_orcid=https://orcid.org/0000-0001-5275-8866
MN908947.3	https://outbreak.info/situation-reports?pango=B.1.429&country=United%20States&division=California&selected=California&selectedType=division	SNV			.	+	.	ID=B.1.429-L452R;Name=;Alias=L452R;nt_name=;gene=S;del=;ins=;Ontology_term=;mutation_effects=;mutation_type=nonsynonymous;voc_status=VOI;voc_name=B.1.429;alt_voc_name=;clade_defining=true;curator=Anoosha;clade_defining=true;curator_orcid=https://orcid.org/0000-0001-5275-8866
MN908947.3	https://outbreak.info/situation-reports?pango=B.1.429&country=United%20States&division=California&selected=California&selectedType=division	SNV			.	+	.	ID=B.1.429-D614G;Name=;Alias=D614G;nt_name=;gene=S;del=;ins=;Ontology_term=;mutation_effects=;mutation_type=nonsynonymous;voc_status=VOI;voc_name=B.1.429;alt_voc_name=;clade_defining=true;curator=Anoosha;clade_defining=true;curator_orcid=https://orcid.org/0000-0001-5275-8866
MN908947.3	https://outbreak.info/situation-reports?pango=B.1.429&country=United%20States&division=California&selected=California&selectedType=division	SNV			.	+	.	ID=B.1.429-Q57H;Name=;Alias=Q57H;nt_name=;gene=ORF3a;del=;ins=;Ontology_term=;mutation_effects=;mutation_type=nonsynonymous;voc_status=VOI;voc_name=B.1.429;alt_voc_name=;clade_defining=true;curator=Anoosha;clade_defining=true;curator_orcid=https://orcid.org/0000-0001-5275-8866
MN908947.3	https://outbreak.info/situation-reports?pango=B.1.429&country=United%20States&division=California&selected=California&selectedType=division	SNV			.	+	.	ID=B.1.429-T205I;Name=;Alias=T205I;nt_name=;gene=N;del=;ins=;Ontology_term=;mutation_effects=;mutation_type=nonsynonymous;voc_status=VOI;voc_name=B.1.429;alt_voc_name=;clade_defining=true;curator=Anoosha;clade_defining=true;curator_orcid=https://orcid.org/0000-0001-5275-8866
MN908947.3	https://outbreak.info/situation-reports?pango=B.1.429&country=United%20States&division=California&selected=California&selectedType=division	SNV			.	+	.	ID=B.1.427-D614G;Name=;Alias=D614G;nt_name=;gene=S;del=;ins=;Ontology_term=;mutation_effects=;mutation_type=nonsynonymous;voc_status=VOI;voc_name=B.1.427;alt_voc_name=;clade_defining=true;curator=Anoosha;clade_defining=true;curator_orcid=https://orcid.org/0000-0001-5275-8866
MN908947.3	https://outbreak.info/situation-reports?pango=B.1.429&country=United%20States&division=California&selected=California&selectedType=division	SNV			.	+	.	ID=B.1.427-T265I;Name=;Alias=T265I;nt_name=;gene=ORF1a;del=;ins=;Ontology_term=;mutation_effects=;mutation_type=nonsynonymous;voc_status=VOI;voc_name=B.1.427;alt_voc_name=;clade_defining=true;curator=Anoosha;clade_defining=true;curator_orcid=https://orcid.org/0000-0001-5275-8866
MN908947.3	https://outbreak.info/situation-reports?pango=B.1.429&country=United%20States&division=California&selected=California&selectedType=division	SNV			.	+	.	ID=B.1.427-D1183Y;Name=;Alias=D1183Y;nt_name=;gene=ORF1b;del=;ins=;Ontology_term=;mutation_effects=;mutation_type=nonsynonymous;voc_status=VOI;voc_name=B.1.427;alt_voc_name=;clade_defining=true;curator=Anoosha;clade_defining=true;curator_orcid=https://orcid.org/0000-0001-5275-8866
MN908947.3	https://outbreak.info/situation-reports?pango=B.1.429&country=United%20States&division=California&selected=California&selectedType=division	SNV			.	+	.	ID=B.1.427-T205I;Name=;Alias=T205I;nt_name=;gene=N;del=;ins=;Ontology_term=;mutation_effects=;mutation_type=nonsynonymous;voc_status=VOI;voc_name=B.1.427;alt_voc_name=;clade_defining=true;curator=Anoosha;clade_defining=true;curator_orcid=https://orcid.org/0000-0001-5275-8866
MN908947.3	https://outbreak.info/situation-reports?pango=B.1.429&country=United%20States&division=California&selected=California&selectedType=division	SNV			.	+	.	ID=B.1.427-L452R;Name=;Alias=L452R;nt_name=;gene=S;del=;ins=;Ontology_term=;mutation_effects=;mutation_type=nonsynonymous;voc_status=VOI;voc_name=B.1.427;alt_voc_name=;clade_defining=true;curator=Anoosha;clade_defining=true;curator_orcid=https://orcid.org/0000-0001-5275-8866
MN908947.3	https://outbreak.info/situation-reports?pango=B.1.429&country=United%20States&division=California&selected=California&selectedType=division	SNV			.	+	.	ID=B.1.427-S3158T;Name=;Alias=S3158T;nt_name=;gene=ORF1a;del=;ins=;Ontology_term=;mutation_effects=;mutation_type=nonsynonymous;voc_status=VOI;voc_name=B.1.427;alt_voc_name=;clade_defining=true;curator=Anoosha;clade_defining=true;curator_orcid=https://orcid.org/0000-0001-5275-8866
MN908947.3	https://outbreak.info/situation-reports?pango=B.1.429&country=United%20States&division=California&selected=California&selectedType=division	SNV			.	+	.	ID=B.1.427-P976L;Name=;Alias=P976L;nt_name=;gene=ORF1b;del=;ins=;Ontology_term=;mutation_effects=;mutation_type=nonsynonymous;voc_status=VOI;voc_name=B.1.427;alt_voc_name=;clade_defining=true;curator=Anoosha;clade_defining=true;curator_orcid=https://orcid.org/0000-0001-5275-8866
MN908947.3	https://outbreak.info/situation-reports?pango=B.1.429&country=United%20States&division=California&selected=California&selectedType=division	SNV			.	+	.	ID=B.1.427-Q57H;Name=;Alias=Q57H;nt_name=;gene=ORF3a;del=;ins=;Ontology_term=;mutation_effects=;mutation_type=nonsynonymous;voc_status=VOI;voc_name=B.1.427;alt_voc_name=;clade_defining=true;curator=Anoosha;clade_defining=true;curator_orcid=https://orcid.org/0000-0001-5275-8866
MN908947.3	https://outbreak.info/situation-reports?pango=B.1.429&country=United%20States&division=California&selected=California&selectedType=division	SNV			.	+	.	ID=B.1.526-Q1011H;Name=;Alias=Q1011H;nt_name=;gene=ORF1b;del=;ins=;Ontology_term=;mutation_effects=;mutation_type=nonsynonymous;voc_status=VOI;voc_name=B.1.526;alt_voc_name=;clade_defining=true;curator=Anoosha;clade_defining=true;curator_orcid=https://orcid.org/0000-0001-5275-8866
MN908947.3	https://outbreak.info/situation-reports?pango=B.1.429&country=United%20States&division=California&selected=California&selectedType=division	SNV			.	+	.	ID=B.1.526-D253G;Name=;Alias=D253G;nt_name=;gene=S;del=;ins=;Ontology_term=;mutation_effects=;mutation_type=nonsynonymous;voc_status=VOI;voc_name=B.1.526;alt_voc_name=;clade_defining=true;curator=Anoosha;clade_defining=true;curator_orcid=https://orcid.org/0000-0001-5275-8866
MN908947.3	https://outbreak.info/situation-reports?pango=B.1.429&country=United%20States&division=California&selected=California&selectedType=division	SNV			.	+	.	ID=B.1.526-D614G;Name=;Alias=D614G;nt_name=;gene=S;del=;ins=;Ontology_term=;mutation_effects=;mutation_type=nonsynonymous;voc_status=VOI;voc_name=B.1.526;alt_voc_name=;clade_defining=true;curator=Anoosha;clade_defining=true;curator_orcid=https://orcid.org/0000-0001-5275-8866
MN908947.3	https://outbreak.info/situation-reports?pango=B.1.429&country=United%20States&division=California&selected=California&selectedType=division	SNV			.	+	.	ID=B.1.526-P314L;Name=;Alias=P314L;nt_name=;gene=ORF1b;del=;ins=;Ontology_term=;mutation_effects=;mutation_type=nonsynonymous;voc_status=VOI;voc_name=B.1.526;alt_voc_name=;clade_defining=true;curator=Anoosha;clade_defining=true;curator_orcid=https://orcid.org/0000-0001-5275-8866
MN908947.3	https://outbreak.info/situation-reports?pango=B.1.429&country=United%20States&division=California&selected=California&selectedType=division	SNV			.	+	.	ID=B.1.526-L3201P;Name=;Alias=L3201P;nt_name=;gene=ORF1a;del=;ins=;Ontology_term=;mutation_effects=;mutation_type=nonsynonymous;voc_status=VOI;voc_name=B.1.526;alt_voc_name=;clade_defining=true;curator=Anoosha;clade_defining=true;curator_orcid=https://orcid.org/0000-0001-5275-8866
MN908947.3	https://outbreak.info/situation-reports?pango=B.1.429&country=United%20States&division=California&selected=California&selectedType=division	SNV			.	+	.	ID=B.1.526-T265I;Name=;Alias=T265I;nt_name=;gene=ORF1a;del=;ins=;Ontology_term=;mutation_effects=;mutation_type=nonsynonymous;voc_status=VOI;voc_name=B.1.526;alt_voc_name=;clade_defining=true;curator=Anoosha;clade_defining=true;curator_orcid=https://orcid.org/0000-0001-5275-8866
MN908947.3	https://outbreak.info/situation-reports?pango=B.1.429&country=United%20States&division=California&selected=California&selectedType=division	SNV			.	+	.	ID=B.1.526-Q57H;Name=;Alias=Q57H;nt_name=;gene=ORF3a;del=;ins=;Ontology_term=;mutation_effects=;mutation_type=nonsynonymous;voc_status=VOI;voc_name=B.1.526;alt_voc_name=;clade_defining=true;curator=Anoosha;clade_defining=true;curator_orcid=https://orcid.org/0000-0001-5275-8866
MN908947.3	https://outbreak.info/situation-reports?pango=B.1.429&country=United%20States&division=California&selected=California&selectedType=division	SNV			.	+	.	ID=B.1.526-T95I;Name=;Alias=T95I;nt_name=;gene=S;del=;ins=;Ontology_term=;mutation_effects=;mutation_type=nonsynonymous;voc_status=VOI;voc_name=B.1.526;alt_voc_name=;clade_defining=true;curator=Anoosha;clade_defining=true;curator_orcid=https://orcid.org/0000-0001-5275-8866
MN908947.3	https://outbreak.info/situation-reports?pango=B.1.429&country=United%20States&division=California&selected=California&selectedType=division	SNV			.	+	.	ID=B.1.526-P42L;Name=;Alias=P42L;nt_name=;gene=ORF3a;del=;ins=;Ontology_term=;mutation_effects=;mutation_type=nonsynonymous;voc_status=VOI;voc_name=B.1.526;alt_voc_name=;clade_defining=true;curator=Anoosha;clade_defining=true;curator_orcid=https://orcid.org/0000-0001-5275-8866
MN908947.3	https://outbreak.info/situation-reports?pango=B.1.429&country=United%20States&division=California&selected=California&selectedType=division	SNV			.	+	.	ID=B.1.526-T11I;Name=;Alias=T11I;nt_name=;gene=ORF8;del=;ins=;Ontology_term=;mutation_effects=;mutation_type=nonsynonymous;voc_status=VOI;voc_name=B.1.526;alt_voc_name=;clade_defining=true;curator=Anoosha;clade_defining=true;curator_orcid=https://orcid.org/0000-0001-5275-8866
MN908947.3	https://www.medrxiv.org/content/10.1101/2021.03.03.21252812v2.full-text#T2	SNV	4962	4962				ID=P.3-D1554G;Name=;Alias=D1554G;nt_name=;gene=ORF1ab;del=A;ins=G;Ontology_term=;mutation_effects=;mutation_type=nonsynonymous;voc_status=VOC;voc_name=P.3;alt_voc_name=;clade_defining=true;curator=Madeline;clade_defining=true;curator_orcid=https://orcid.org/0000-0002-0548-891X
MN908947.3	https://www.medrxiv.org/content/10.1101/2021.03.03.21252812v2.full-text#T2	SNV	9867	9867				ID=P.3-L3201P;Name=;Alias=L3201P;nt_name=;gene=ORF1ab;del=T;ins=C;Ontology_term=;mutation_effects=;mutation_type=nonsynonymous;voc_status=VOC;voc_name=P.3;alt_voc_name=;clade_defining=true;curator=Madeline;clade_defining=true;curator_orcid=https://orcid.org/0000-0002-0548-891X
MN908947.3	https://www.medrxiv.org/content/10.1101/2021.03.03.21252812v2.full-text#T2	SNV	11308	11308				ID=P.3-D3681E;Name=;Alias=D3681E;nt_name=;gene=ORF1ab;del=C;ins=A;Ontology_term=;mutation_effects=;mutation_type=nonsynonymous;voc_status=VOC;voc_name=P.3;alt_voc_name=;clade_defining=true;curator=Madeline;clade_defining=true;curator_orcid=https://orcid.org/0000-0002-0548-891X
MN908947.3	https://www.medrxiv.org/content/10.1101/2021.03.03.21252812v2.full-text#T2	SNV	12053	12053				ID=P.3-L3930F;Name=;Alias=L3930F;nt_name=;gene=ORF1ab;del=C;ins=T;Ontology_term=;mutation_effects=;mutation_type=nonsynonymous;voc_status=VOC;voc_name=P.3;alt_voc_name=;clade_defining=true;curator=Madeline;clade_defining=true;curator_orcid=https://orcid.org/0000-0002-0548-891X
MN908947.3	https://www.medrxiv.org/content/10.1101/2021.03.03.21252812v2.full-text#T2	SNV	14408	14408				ID=P.3-P4715L;Name=;Alias=P4715L;nt_name=;gene=ORF1ab;del=C;ins=T;Ontology_term=;mutation_effects=;mutation_type=nonsynonymous;voc_status=VOC;voc_name=P.3;alt_voc_name=;clade_defining=true;curator=Madeline;clade_defining=true;curator_orcid=https://orcid.org/0000-0002-0548-891X
MN908947.3	https://www.medrxiv.org/content/10.1101/2021.03.03.21252812v2.full-text#T2	SNV	17339	17339				ID=P.3-A5692V;Name=;Alias=A5692V;nt_name=;gene=ORF1ab;del=C;ins=T;Ontology_term=;mutation_effects=;mutation_type=nonsynonymous;voc_status=VOC;voc_name=P.3;alt_voc_name=;clade_defining=true;curator=Madeline;clade_defining=true;curator_orcid=https://orcid.org/0000-0002-0548-891X
MN908947.3	https://www.medrxiv.org/content/10.1101/2021.03.03.21252812v2.full-text#T2							ID=P.3-;Name=;Alias=;nt_name=;gene=;del=;ins=;Ontology_term=;mutation_effects=;mutation_type=nonsynonymous;voc_status=VOC;voc_name=P.3;alt_voc_name=;clade_defining=true;curator=Madeline;clade_defining=true;curator_orcid=https://orcid.org/0000-0002-0548-891X
MN908947.3	https://www.medrxiv.org/content/10.1101/2021.03.03.21252812v2.full-text#T2							ID=P.3-;Name=;Alias=;nt_name=;gene=;del=;ins=;Ontology_term=;mutation_effects=;mutation_type=nonsynonymous;voc_status=VOC;voc_name=P.3;alt_voc_name=;clade_defining=true;curator=Madeline;clade_defining=true;curator_orcid=https://orcid.org/0000-0002-0548-891X
MN908947.3	https://www.medrxiv.org/content/10.1101/2021.03.03.21252812v2.full-text#T2							ID=P.3-;Name=;Alias=;nt_name=;gene=;del=;ins=;Ontology_term=;mutation_effects=;mutation_type=nonsynonymous;voc_status=VOC;voc_name=P.3;alt_voc_name=;clade_defining=true;curator=Madeline;clade_defining=true;curator_orcid=https://orcid.org/0000-0002-0548-891X
MN908947.3	https://www.medrxiv.org/content/10.1101/2021.03.03.21252812v2.full-text#T2							ID=P.3-;Name=;Alias=;nt_name=;gene=;del=;ins=;Ontology_term=;mutation_effects=;mutation_type=nonsynonymous;voc_status=VOC;voc_name=P.3;alt_voc_name=;clade_defining=true;curator=Madeline;clade_defining=true;curator_orcid=https://orcid.org/0000-0002-0548-891X
MN908947.3	https://www.medrxiv.org/content/10.1101/2021.03.03.21252812v2.full-text#T2							ID=P.3-;Name=;Alias=;nt_name=;gene=;del=;ins=;Ontology_term=;mutation_effects=;mutation_type=nonsynonymous;voc_status=VOC;voc_name=P.3;alt_voc_name=;clade_defining=true;curator=Madeline;clade_defining=true;curator_orcid=https://orcid.org/0000-0002-0548-891X
MN908947.3	https://www.medrxiv.org/content/10.1101/2021.03.03.21252812v2.full-text#T2							ID=P.3-;Name=;Alias=;nt_name=;gene=;del=;ins=;Ontology_term=;mutation_effects=;mutation_type=nonsynonymous;voc_status=VOC;voc_name=P.3;alt_voc_name=;clade_defining=true;curator=Madeline;clade_defining=true;curator_orcid=https://orcid.org/0000-0002-0548-891X
MN908947.3	https://www.medrxiv.org/content/10.1101/2021.03.03.21252812v2.full-text#T2							ID=P.3-;Name=;Alias=;nt_name=;gene=;del=;ins=;Ontology_term=;mutation_effects=;mutation_type=nonsynonymous;voc_status=VOC;voc_name=P.3;alt_voc_name=;clade_defining=true;curator=Madeline;clade_defining=true;curator_orcid=https://orcid.org/0000-0002-0548-891X