name	nt_name	aa_name	multi_aa_name	multiaa_comb_mutation	start	vcf_gene	chrom_region	mutation_type	sequence_depth	sample_size	ps_filter	ps_exc	mat_pep_id	mat_pep_desc	mat_pep_acc	ro	ao	reference_seq	variant_seq	viral_lineages	function_category	citation	comb_mutation	function_description	heterozygosity	clade_defining	who_variant	status	voi_designation_date	voc_designation_date	vum_designation_date
c.-99_-97delTTA	c.-99_-97delTTA				27794	ORF8	intergenic		4	4						0	4	TTTA	T	B.1.620					False	True	Unnamed	VUM			14-Jul-2021
c.A-3T	c.A-3T				28271	N	intergenic		4	4						0	4	A	T	B.1.620					False	True	Unnamed	VUM			14-Jul-2021
c.C-25T	c.C-25T				241	orf1ab	5' UTR		4	4						0	4	C	T	B.1.620					False	True	Unnamed	VUM			14-Jul-2021
p.3676del	c.11023_11031delTCTGGTTTT	p.S3675_F3677del	S3675_F3677del	'S3675del', 'F3677del'	11287	orf1ab	ORF1ab		8	4			nsp6	nsp6_TM, putative transmembrane domain, produced by both pp1a and pp1ab	YP_009725302.1	0	8	GTCTGGTTTT	G	B.1.620, B.1.620					False	True, True	Unnamed	VUM			14-Jul-2021
p.A220V	c.C659T	p.A220V			28932	N	N	MISSENSE	4	4						0	4	C	T	B.1.620					False	True	Unnamed	VUM			14-Jul-2021
p.A243del	c.719_727delCTTTACTTG	p.L241_A243del	L241_A243del	'L241del', 'L242del'	22280	S	S		4	4						0	4	ACTTTACTTG	A	B.1.620	convalescent plasma escape	Cele et al. (2021)		The 501Y.V2 to first wave IC50 ratio ranged from 6 to 200-fold. Averaging across all 7 participant convalescent sera highlighted the dramatic decrease in sensitivity to neutralization of authentic 501Y.V2 variants. PG: I'm purposefully ignoring D614G and A701V as contributors	False	True	Unnamed	VUM			14-Jul-2021
p.A243del	c.719_727delCTTTACTTG	p.L241_A243del	L241_A243del	'L241del', 'L242del'	22280	S	S		4	4						0	4	ACTTTACTTG	A	B.1.620	convalescent plasma escape	Wibmer et al. (2021)		"Nearly half (21 of 44, 48%) of early pandemic exposure convalescent plasma/sera failed to neutralize the 501Y.V2 (""South African"") lineage pseudovirus construct Only 3 of 44 convascent sera (those with the highest titer, which correlated direectly with initial infection severity) had high neutralization against this 501Y.V2  PG: note that lineage variant R246I was excluded from the text in reference to these sera assays, not sure if that was an oversight."	False	True	Unnamed	VUM			14-Jul-2021
p.A2V	c.C5T	p.A2V			26527	M	M	MISSENSE	4	4						2	2	C	T	B.1.620					False	False	Unnamed	VUM			14-Jul-2021
p.A5616S	c.G16846T	p.A5616S			17110	orf1ab	ORF1ab	MISSENSE	4	4			helicase	nsp13_ZBD, nsp13_TB, and nsp_HEL1core, zinc-binding domain (ZD), NTPase/helicase domain (HEL), RNA 5'-triphosphatase, produced by pp1ab only	YP_009725308.1	0	4	G	T	B.1.620					False	True	Unnamed	VUM			14-Jul-2021
p.D1118H	c.G3352C	p.D1118H			24914	S	S	MISSENSE	4	4						0	4	G	C	B.1.620	ACE2 receptor binding affinity	Gong et al. (2021)	'D614G'	"Using flow cytometry and ACE2 ectodomains-Fc portion IgG complex, this variant showed a 1.23x increase in binding (KD) relative to D614G, mostly due to decreased in ""off-rate"" a.k.a. dissociation rate (Kdis)."	False	True	Unnamed	VUM			14-Jul-2021
p.D1118H	c.G3352C	p.D1118H			24914	S	S	MISSENSE	4	4						0	4	G	C	B.1.620	T cell evasion	Reynolds et al. (2021)		Mutation is predicted to lose the T cell epitope for people carrying DRB1*0301 and DRB1*0401,  but not for example in those who are DRB1*0701 or DRB1*1501 who would be predicted to show an enhanced response. This is also observed in a study of 26 each post-infection and post first dose HCWs.	False	True	Unnamed	VUM			14-Jul-2021
p.D1118H	c.G3352C	p.D1118H			24914	S	S	MISSENSE	4	4						0	4	G	C	B.1.620	antibody epitope effects	Haynes et al. (2021)		Not in a major wildtype epitope, mutant has no significant effect on PIWAS epitope score Found in B.1.1.7 lineage, but assumed to not pay a major role in antigenicity.	False	True	Unnamed	VUM			14-Jul-2021
p.D1118H	c.G3352C	p.D1118H			24914	S	S	MISSENSE	4	4						0	4	G	C	B.1.620	convalescent plasma binding	Gong et al. (2021)	'D614G'	1.96x increase in Spike binding (relative to D614G alone) by 5 plasma collected 8 months post-symptom-onset.	False	True	Unnamed	VUM			14-Jul-2021
p.D1118H	c.G3352C	p.D1118H			24914	S	S	MISSENSE	4	4						0	4	G	C	B.1.620	trafficking	Tada et al. (2021)		Lentiviral pseudotyped with this individual mutation from B.1.1.7 was tested on ACE2.293T cells. Luciferase activity was measured two days postinfection,  showing mild decrease in infection rate amongst the cells, hence this individual variant  is unlikely to contribute to cell entry fitness. 	False	True	Unnamed	VUM			14-Jul-2021
p.D1118H	c.G3352C	p.D1118H			24914	S	S	MISSENSE	4	4						0	4	G	C	B.1.620	vaccinee plasma binding	Gong et al. (2021)	'D614G'	1.09x increase in Spike binding (relative to D614G alone) by 5 plasma collected 3 weeks after one dose of Pfizer/BioNtech BNT162b2 vaccine in previously non-seroconverted subjects.  1.08x decrease in Spike binding (relative to D614G alone) by 5 plasma collected 3 weeks after one dose of Pfizer/BioNtech BNT162b2 vaccine in post-infection vaccinees.	False	True	Unnamed	VUM			14-Jul-2021
p.D614G	c.A1841G	p.D614G			23403	S	S	MISSENSE	4	4						0	4	A	G	B.1.620	ACE2 receptor binding affinity	Gong et al. (2021)	'D1118H'	"Using flow cytometry and ACE2 ectodomains-Fc portion IgG complex, this variant showed a 1.23x increase in binding (KD) relative to D614G, mostly due to decreased in ""off-rate"" a.k.a. dissociation rate (Kdis)."	False	True	Unnamed	VUM			14-Jul-2021
p.D614G	c.A1841G	p.D614G			23403	S	S	MISSENSE	4	4						0	4	A	G	B.1.620	ACE2 receptor binding affinity	Gong et al. (2021)	'E484K'	This variant appears twice in the experiments, with slightly different affinities (both ~1.2x decrease in binding relative to D614G)  using flow cytometry and ACE2 ectodomains-Fc portion IgG complex.	False	True	Unnamed	VUM			14-Jul-2021
p.D614G	c.A1841G	p.D614G			23403	S	S	MISSENSE	4	4						0	4	A	G	B.1.620	ACE2 receptor binding affinity	Gong et al. (2021)	'H69del', 'V70del'	"Using flow cytometry and ACE2 ectodomains-Fc portion IgG complex, this variant showed a 1.51x increase in binding (KD) relative to D614G, mostly due to decreased in ""off-rate"" a.k.a. dissociation rate (Kdis)."	False	True	Unnamed	VUM			14-Jul-2021
p.D614G	c.A1841G	p.D614G			23403	S	S	MISSENSE	4	4						0	4	A	G	B.1.620	ACE2 receptor binding affinity	Gong et al. (2021)	'L5F'	Using flow cytometry and ACE2 ectodomains-Fc portion IgG complex, this variant showed a 1.1x decrease in binding (KD) relative to D614G.	False	True	Unnamed	VUM			14-Jul-2021
p.D614G	c.A1841G	p.D614G			23403	S	S	MISSENSE	4	4						0	4	A	G	B.1.620	ACE2 receptor binding affinity	Gong et al. (2021)	'P26S'	Using flow cytometry and ACE2 ectodomains-Fc portion IgG complex, this variant showed a 1.58x increase in binding (KD) relative to D614G.	False	True	Unnamed	VUM			14-Jul-2021
p.D614G	c.A1841G	p.D614G			23403	S	S	MISSENSE	4	4						0	4	A	G	B.1.620	ACE2 receptor binding affinity	Gong et al. (2021)	'P681H'	Using flow cytometry and ACE2 ectodomains-Fc portion IgG complex, this variant showed a 1.23x decrease in binding (KD) relative to D614G.	False	True	Unnamed	VUM			14-Jul-2021
p.D614G	c.A1841G	p.D614G			23403	S	S	MISSENSE	4	4						0	4	A	G	B.1.620	ACE2 receptor binding affinity	Gong et al. (2021)	'T1027I'	Using flow cytometry and ACE2 ectodomains-Fc portion IgG complex, this variant showed a 1.69x decrease in binding (KD) relative to D614G.	False	True	Unnamed	VUM			14-Jul-2021
p.D614G	c.A1841G	p.D614G			23403	S	S	MISSENSE	4	4						0	4	A	G	B.1.620	ACE2 receptor binding affinity	Gong et al. (2021)	'Y144del'	Using flow cytometry and ACE2 ectodomains-Fc portion IgG complex, this variant showed a slight decrease in binding (KD) relative to D614G.	False	True	Unnamed	VUM			14-Jul-2021
p.D614G	c.A1841G	p.D614G			23403	S	S	MISSENSE	4	4						0	4	A	G	B.1.620	ACE2 receptor binding affinity	Li et al. (2020)		In four cell lines (including 293T-hACE2 cells), this mutation combination increases infectivity vs D614G alone	False	True	Unnamed	VUM			14-Jul-2021
p.D614G	c.A1841G	p.D614G			23403	S	S	MISSENSE	4	4						0	4	A	G	B.1.620	convalescent plasma binding	Gong et al. (2021)	'D1118H'	1.96x increase in Spike binding (relative to D614G alone) by 5 plasma collected 8 months post-symptom-onset.	False	True	Unnamed	VUM			14-Jul-2021
p.D614G	c.A1841G	p.D614G			23403	S	S	MISSENSE	4	4						0	4	A	G	B.1.620	convalescent plasma binding	Gong et al. (2021)	'E484K'	1.42x increase in Spike binding (relative to D614G alone) by 5 plasma collected 8 months post-symptom-onset.	False	True	Unnamed	VUM			14-Jul-2021
p.D614G	c.A1841G	p.D614G			23403	S	S	MISSENSE	4	4						0	4	A	G	B.1.620	convalescent plasma binding	Gong et al. (2021)	'H69del', 'V70del'	1.33x increase in Spike binding (relative to D614G alone) by 5 plasma collected 8 months post-symptom-onset. 	False	True	Unnamed	VUM			14-Jul-2021
p.D614G	c.A1841G	p.D614G			23403	S	S	MISSENSE	4	4						0	4	A	G	B.1.620	convalescent plasma binding	Gong et al. (2021)	'L5F'	No change in Spike binding (relative to D614G alone) by 5 plasma collected 8 months post-symptom-onset.	False	True	Unnamed	VUM			14-Jul-2021
p.D614G	c.A1841G	p.D614G			23403	S	S	MISSENSE	4	4						0	4	A	G	B.1.620	convalescent plasma binding	Gong et al. (2021)	'P26S'	1.08x decrease in Spike binding (relative to D614G alone) by 5 plasma collected 8 months post-symptom-onset.	False	True	Unnamed	VUM			14-Jul-2021
p.D614G	c.A1841G	p.D614G			23403	S	S	MISSENSE	4	4						0	4	A	G	B.1.620	convalescent plasma binding	Gong et al. (2021)	'P681H'	1.26x increase in Spike binding (relative to D614G alone) by 5 plasma collected 8 months post-symptom-onset.	False	True	Unnamed	VUM			14-Jul-2021
p.D614G	c.A1841G	p.D614G			23403	S	S	MISSENSE	4	4						0	4	A	G	B.1.620	convalescent plasma binding	Gong et al. (2021)	'T1027I'	1.56x increase in Spike binding (relative to D614G alone) by 5 plasma collected 8 months post-symptom-onset.	False	True	Unnamed	VUM			14-Jul-2021
p.D614G	c.A1841G	p.D614G			23403	S	S	MISSENSE	4	4						0	4	A	G	B.1.620	convalescent plasma binding	Gong et al. (2021)	'Y144del'	1.14x increase in Spike binding (relative to D614G alone) by 5 plasma collected 8 months post-symptom-onset. 	False	True	Unnamed	VUM			14-Jul-2021
p.D614G	c.A1841G	p.D614G			23403	S	S	MISSENSE	4	4						0	4	A	G	B.1.620	convalescent plasma escape	Tada et al. (2021)	'E484K'	Pseudotyped viruses for B.1.618 was 2.5-fold resistant to neutralization by convalescent sera compared to wild type - a finding that was similar to that of the 3-fold resistance of the South Africa B.1.351 variant using the same assay. The resistance of B.1.618 was caused by the E484K mutation, based on results from viruses pseudotyped for individual variants within B.1.618. [details on the convalescent patient sera collection are not abundantly clear in the preprint]	False	True	Unnamed	VUM			14-Jul-2021
p.D614G	c.A1841G	p.D614G			23403	S	S	MISSENSE	4	4						0	4	A	G	B.1.620	convalescent plasma escape	Tada et al. (2021)	'S477N'	Lentiviral pseudotyped with the key mutations from 20A.EU2 lineage was neutralized slightly less than D614G in 10 convalescent sera from April 2020 infectees.	False	True	Unnamed	VUM			14-Jul-2021
p.D614G	c.A1841G	p.D614G			23403	S	S	MISSENSE	4	4						0	4	A	G	B.1.620	immunosuppression variant emergence	Landis et al. (2021)		Studying 94 COVID-19 extended infection cases with genomics April 1 to October 17, 2020, one case developed 23 mutations in a 19 day period, including this combination in Spike.	False	True	Unnamed	VUM			14-Jul-2021
p.D614G	c.A1841G	p.D614G			23403	S	S	MISSENSE	4	4						0	4	A	G	B.1.620	reinfection	Fournier et al. (2021)	'S477N'	"11 cases of re-infection with the ""Marseille-4"" variant found within 1028 positive tests, where all of the earlier infections were from different strains. This lineage is also characterized by N:p.M234I:A376T"	False	True	Unnamed	VUM			14-Jul-2021
p.D614G	c.A1841G	p.D614G			23403	S	S	MISSENSE	4	4						0	4	A	G	B.1.620	symptom prevalence	Fournier et al. (2021)	'S477N'	Compared to the clade 20A strains that predominated during phase 1 between March and May 2020, the Marseille-4 variant (characterized  by this mutation plus N:p.M234I:A376T) was associated with a lower frequency of cough, rhinitis, and olfactory and gustatory disorders.  By contrast, hypoxemia was more frequent in patients infected with the Marseille-4 variant.	False	True	Unnamed	VUM			14-Jul-2021
p.D614G	c.A1841G	p.D614G			23403	S	S	MISSENSE	4	4						0	4	A	G	B.1.620	syncytium formation	Kim et al. (2021)		Slight increase in Vero cell-cell membrane fusion assay under infection with VSV pseudotyped virus.	False	True	Unnamed	VUM			14-Jul-2021
p.D614G	c.A1841G	p.D614G			23403	S	S	MISSENSE	4	4						0	4	A	G	B.1.620	tissue specific neutralization	Planas et al. (2021)		The nasal mucosa of Pfizer vaccinees with time course collection was evaluated against VSV pseudotypes: results (only one nasal  swab from different previously infected vacinee neutralizing at weeks 3 and 6 against B.1.1.7 and D614G) suggest that vaccinees probably  do not elicit an early humoral response detectable at mucosal surfaces even though sera neutralization was observed. They strengthen the hypothesis that some vaccines may not protect against  viral acquisition and infection of the oral–nasal region, but may prevent severe disease associated with viral dissemination in the lower respiratory tract. 	False	True	Unnamed	VUM			14-Jul-2021
p.D614G	c.A1841G	p.D614G			23403	S	S	MISSENSE	4	4						0	4	A	G	B.1.620	trafficking	Barrett et al. (2021)		Circulating variant shown in vitro to not have major defects or enhancement of cell surface protein trafficking (i.e. Spike cleavage or fusion required for cell entry)	False	True	Unnamed	VUM			14-Jul-2021
p.D614G	c.A1841G	p.D614G			23403	S	S	MISSENSE	4	4						0	4	A	G	B.1.620	trafficking	Daniloski et al. (2021)		The increased transduction with Spike D614G ranged from 1.3- to 2.4-fold in Caco-2 and Calu-3 cells expressing  endogenous ACE2 and from 1.5- to 7.7-fold in A549ACE2 and Huh7.5ACE2 overexpressing ACE2.  Although there is minimal difference in ACE2 receptor binding between the D614 and G614 Spike variants,  the G614 variant is more resistant to proteolytic cleavage, suggesting a possible mechanism for the increased transduction.	False	True	Unnamed	VUM			14-Jul-2021
p.D614G	c.A1841G	p.D614G			23403	S	S	MISSENSE	4	4						0	4	A	G	B.1.620	trafficking	Kim et al. (2021)		No change in infectivity (24h) relative to D614G alone in Caco-2 cells, Vero or Calu-3.	False	True	Unnamed	VUM			14-Jul-2021
p.D614G	c.A1841G	p.D614G			23403	S	S	MISSENSE	4	4						0	4	A	G	B.1.620	trafficking	Kim et al. (2021)		~4x more efficient S2 domain cleavage compared to wild type in Caco-2 cells, mid-range of three cell line tested (Vero and Calu-3).	False	True	Unnamed	VUM			14-Jul-2021
p.D614G	c.A1841G	p.D614G			23403	S	S	MISSENSE	4	4						0	4	A	G	B.1.620	trafficking	Kuzmina et al. (2021)	'E484K'	~2x more infectivity than D614G alone in HEK293T-ACE2 cells 48h post-transduction.	False	True	Unnamed	VUM			14-Jul-2021
p.D614G	c.A1841G	p.D614G			23403	S	S	MISSENSE	4	4						0	4	A	G	B.1.620	trafficking	Ozono et al. (2020)		Among S variants tested, the D614G mutant shows the highest cell entry (~3.5x wild type), as supported by  structural and binding analyses. 	False	True	Unnamed	VUM			14-Jul-2021
p.D614G	c.A1841G	p.D614G			23403	S	S	MISSENSE	4	4						0	4	A	G	B.1.620	trafficking	Tada et al. (2021)	'S477N'	Lentiviral pseudotyped with the key mutations from 20A.EU2 lineage was tested on ACE2.293T cells. Luciferase activity was measured two days postinfection,  showing no significant change in infection rate amongst the cells, suggesting that this  mutation does not contributing to cell entry fitness.	False	True	Unnamed	VUM			14-Jul-2021
p.D614G	c.A1841G	p.D614G			23403	S	S	MISSENSE	4	4						0	4	A	G	B.1.620	trafficking	Zhang et l. (2020)		We report here pseudoviruses carrying SG614 enter ACE2-expressing cells more efficiently than wild type (~9-fold).  This increased entry correlates with less S1-domain shedding and higher S-protein incorporation into the virion.  D614G does not alter S-protein binding to ACE2 or neutralization sensitivity of pseudoviruses. Thus, D614G may  increase infectivity by assembling more functional S protein into the virion.	False	True	Unnamed	VUM			14-Jul-2021
p.D614G	c.A1841G	p.D614G			23403	S	S	MISSENSE	4	4						0	4	A	G	B.1.620	vaccine neutralization efficacy	Garcia-Beltran et al. (2021)		Pseudotyped D614G virus has reduced neutralization activity vs wild type: 1.2x (37 sera Pfizer median 9  days post 2nd dose, 37 sera Moderna median 18 days post 2nd dose). This was NOT significant by ANOVA.	False	True	Unnamed	VUM			14-Jul-2021
p.D614G	c.A1841G	p.D614G			23403	S	S	MISSENSE	4	4						0	4	A	G	B.1.620	vaccine neutralization efficacy	Kuzmina et al. (2021)		Using a lentivirus virus pseudotyped with D614G Spike, sera from vaccinated individuals who received the second dose (9–11 days post-second dose of Pfizer) exhibited a robust  neutralizing potential, with a mean NT50 value of 99,000. This was an average of a 2-fold increase, relative to sera drawn from the  individuals who received one dose of vaccination—mean NT50 dilution of 51,300. Importantly, a 6-fold increase in mean NT50 dilution was  obtained when sera from the first vaccination dose was compared to convalescent sera from cohort with severe disease (NT50 51,000 vs 8,700)  21 to 63 days post-onset. 	False	True	Unnamed	VUM			14-Jul-2021
p.D614G	c.A1841G	p.D614G			23403	S	S	MISSENSE	4	4						0	4	A	G	B.1.620	vaccine neutralization efficacy	Kuzmina et al. (2021)	'E484K'	This variant showed only minor in Pfizer sera (one or two dose) neutralization efficiency vs D614G (using lentivirus pseudotype).	False	True	Unnamed	VUM			14-Jul-2021
p.D614G	c.A1841G	p.D614G			23403	S	S	MISSENSE	4	4						0	4	A	G	B.1.620	vaccine neutralization efficacy	Tada et al. (2021)	'E484K'	Pseudotyped viruses for B.1.618 was 2.7-fold resistant to neutralization by 6 BNT162b2 vaccine sera 28 days post-booster compared to wild type - a finding that was similar to that of the 3.4-fold resistance of the South Africa B.1.351 variant using the same assay. Neutralization by 3 Moderna vaccine sera 28 days post-booster was 3-fold resistant (vs. 2.2-fold for B.1.351). The resistance of B.1.618 was caused by the E484K mutation, based on results from viruses pseudotyped for individual variants within B.1.618.	False	True	Unnamed	VUM			14-Jul-2021
p.D614G	c.A1841G	p.D614G			23403	S	S	MISSENSE	4	4						0	4	A	G	B.1.620	vaccine neutralization efficacy	Zuckerman et al. (2021)	'P681H'	No significant change in virus neutralzation by 18 Pfizer two dose vaccinee sera compared to B.1.1.7. [results without including the used mutation A27S likely generalizable, as this is not a lineage defining mutation]	False	True	Unnamed	VUM			14-Jul-2021
p.D614G	c.A1841G	p.D614G			23403	S	S	MISSENSE	4	4						0	4	A	G	B.1.620	vaccinee plasma binding	Gong et al. (2021)	'D1118H'	1.09x increase in Spike binding (relative to D614G alone) by 5 plasma collected 3 weeks after one dose of Pfizer/BioNtech BNT162b2 vaccine in previously non-seroconverted subjects.  1.08x decrease in Spike binding (relative to D614G alone) by 5 plasma collected 3 weeks after one dose of Pfizer/BioNtech BNT162b2 vaccine in post-infection vaccinees.	False	True	Unnamed	VUM			14-Jul-2021
p.D614G	c.A1841G	p.D614G			23403	S	S	MISSENSE	4	4						0	4	A	G	B.1.620	vaccinee plasma binding	Gong et al. (2021)	'E484K'	1.16x increase in Spike binding (relative to D614G alone) by 5 plasma collected 3 weeks after one dose of Pfizer/BioNtech BNT162b2 vaccine in previously non-seroconverted subjects.  1.06x increase in Spike binding (relative to D614G alone) by 5 plasma collected 3 weeks after one dose of Pfizer/BioNtech BNT162b2 vaccine in post-infection vaccinees.	False	True	Unnamed	VUM			14-Jul-2021
p.D614G	c.A1841G	p.D614G			23403	S	S	MISSENSE	4	4						0	4	A	G	B.1.620	vaccinee plasma binding	Gong et al. (2021)	'H69del', 'V70del'	1.14x increase in Spike binding (relative to D614G alone) by 5 plasma collected 3 weeks after one dose of Pfizer/BioNtech BNT162b2 vaccine in previously non-seroconverted subjects.  1.09x decrease in Spike binding (relative to D614G alone) by 5 plasma collected 3 weeks after one dose of Pfizer/BioNtech BNT162b2 vaccine in post-infection vaccinees.	False	True	Unnamed	VUM			14-Jul-2021
p.D614G	c.A1841G	p.D614G			23403	S	S	MISSENSE	4	4						0	4	A	G	B.1.620	vaccinee plasma binding	Gong et al. (2021)	'L5F'	1.23x increase in Spike binding (relative to D614G alone) by 5 plasma collected 3 weeks after one dose of Pfizer/BioNtech BNT162b2 vaccine in previously non-seroconverted subjects.  1.1x decrease in Spike binding (relative to D614G alone) by 5 plasma collected 3 weeks after one dose of Pfizer/BioNtech BNT162b2 vaccine in post-infection vaccinees.	False	True	Unnamed	VUM			14-Jul-2021
p.D614G	c.A1841G	p.D614G			23403	S	S	MISSENSE	4	4						0	4	A	G	B.1.620	vaccinee plasma binding	Gong et al. (2021)	'P26S'	1.23x decrease in Spike binding (relative to D614G alone) by 5 plasma collected 3 weeks after one dose of Pfizer/BioNtech BNT162b2 vaccine in previously non-seroconverted subjects.  1.37x decrease in Spike binding (relative to D614G alone) by 5 plasma collected 3 weeks after one dose of Pfizer/BioNtech BNT162b2 vaccine in post-infection vaccinees.	False	True	Unnamed	VUM			14-Jul-2021
p.D614G	c.A1841G	p.D614G			23403	S	S	MISSENSE	4	4						0	4	A	G	B.1.620	vaccinee plasma binding	Gong et al. (2021)	'P681H'	1.14x decrease in Spike binding (relative to D614G alone) by 5 plasma collected 3 weeks after one dose of Pfizer/BioNtech BNT162b2 vaccine in previously non-seroconverted subjects.  1.11x decrease in Spike binding (relative to D614G alone) by 5 plasma collected 3 weeks after one dose of Pfizer/BioNtech BNT162b2 vaccine in post-infection vaccinees.	False	True	Unnamed	VUM			14-Jul-2021
p.D614G	c.A1841G	p.D614G			23403	S	S	MISSENSE	4	4						0	4	A	G	B.1.620	vaccinee plasma binding	Gong et al. (2021)	'T1027I'	1.32x decrease in Spike binding (relative to D614G alone) by 5 plasma collected 3 weeks after one dose of Pfizer/BioNtech BNT162b2 vaccine in previously non-seroconverted subjects.  1.22x increase in Spike binding (relative to D614G alone) by 5 plasma collected 3 weeks after one dose of Pfizer/BioNtech BNT162b2 vaccine in post-infection vaccinees.	False	True	Unnamed	VUM			14-Jul-2021
p.D614G	c.A1841G	p.D614G			23403	S	S	MISSENSE	4	4						0	4	A	G	B.1.620	vaccinee plasma binding	Gong et al. (2021)	'Y144del'	1.08x decrease in Spike binding (relative to D614G alone) by 5 plasma collected 3 weeks after one dose of Pfizer/BioNtech BNT162b2 vaccine in previously non-seroconverted subjects.  1.11x increase in Spike binding (relative to D614G alone) by 5 plasma collected 3 weeks after one dose of Pfizer/BioNtech BNT162b2 vaccine in post-infection vaccinees.	False	True	Unnamed	VUM			14-Jul-2021
p.D614G	c.A1841G	p.D614G			23403	S	S	MISSENSE	4	4						0	4	A	G	B.1.620	viral load	Plante et al. (2020)		Hamsters infected with SARS-CoV-2 expressing spike(D614G) (G614 virus) produced higher infectious titres in nasal washes and the trachea, but not in the lungs,  supporting clinical evidence showing that the mutation enhances viral loads in the upper respiratory tract of COVID-19 patients and may increase transmission.	False	True	Unnamed	VUM			14-Jul-2021
p.D614G	c.A1841G	p.D614G			23403	S	S	MISSENSE	4	4						0	4	A	G	B.1.620	virion structure	Spratt et al. (2021)		Estimated free energy change (ddG) for this variant is 2.5 kcal/mol (i.e. stabilizing relative to wild type) 	False	True	Unnamed	VUM			14-Jul-2021
p.D614G	c.A1841G	p.D614G			23403	S	S	MISSENSE	4	4						0	4	A	G	B.1.620	virion structure	Weissman et al. (2020)		"Negative stain EM shows increased proportion of ""one-up"" trimer conformation of Spike proteins on the surface of virions, where the up  conformation is presumed to be more likely to bind ACE2."	False	True	Unnamed	VUM			14-Jul-2021
p.D614G	c.A1841G	p.D614G			23403	S	S	MISSENSE	4	4						0	4	A	G	B.1.620	virion structure	Yurkovetskiy et al. (2020)		"CryoEM shows increased proportion of ""one-up"" trimer conformation of Spike proteins on the surface of virions, where the up  conformation is presumed to be more likely to bind ACE2."	False	True	Unnamed	VUM			14-Jul-2021
p.D614G	c.A1841G	p.D614G			23403	S	S	MISSENSE	4	4						0	4	A	G	B.1.620	virion structure	Zhang et al. (2020)		Based on pseudotyped virus experiments, D614G may increase infectivity by assembling more functional S protein into the virion.	False	True	Unnamed	VUM			14-Jul-2021
p.E484K	c.G1450A	p.E484K			23012	S	S	MISSENSE	4	4						0	4	G	A	B.1.620	ACE2 receptor binding affinity	Collier et al. (2021)		This combination showed ~3x increase binding to ACE2 vs wild type, about half that of the B.1.1.7 lineage, suggesting that the K417N mutation is slightly detrimental to ACE2 binding, probably as a result of disrupting the salt bridge formed with ACE2 residue D30	False	True	Unnamed	VUM			14-Jul-2021
p.E484K	c.G1450A	p.E484K			23012	S	S	MISSENSE	4	4						0	4	G	A	B.1.620	ACE2 receptor binding affinity	Gong et al. (2021)	'D614G'	This variant appears twice in the experiments, with slightly different affinities (both ~1.2x decrease in binding relative to D614G)  using flow cytometry and ACE2 ectodomains-Fc portion IgG complex.	False	True	Unnamed	VUM			14-Jul-2021
p.E484K	c.G1450A	p.E484K			23012	S	S	MISSENSE	4	4						0	4	G	A	B.1.620	ACE2 receptor binding affinity	Laffeber et al. (2021)		RBD containing the N501Y mutation results in 9-fold stronger binding to the hACE2 receptor than  wild type RBD. The E484K mutation does not significantly influence the affinity for the receptor,  while K417N attenuates affinity. As a result, RBD from B.1.351 containing all three mutations binds  3-fold stronger to hACE2 than wild type RBD but 3-fold weaker than N501Y.	False	True	Unnamed	VUM			14-Jul-2021
p.E484K	c.G1450A	p.E484K			23012	S	S	MISSENSE	4	4						0	4	G	A	B.1.620	ACE2 receptor binding affinity	Liu et al. (2021)		Studying the key covariants in lineage of concern 501Y.V2,  observed about 2-fold increase in ACE2 binding vs wildtype, but greatly decreased mAb binding, suggesting evolutionary optimum tension between  immune evasion and ACE2 binding affinity as the N501Y variant alone has 10x increase in affinity but no effect on tested mAb binding.	False	True	Unnamed	VUM			14-Jul-2021
p.E484K	c.G1450A	p.E484K			23012	S	S	MISSENSE	4	4						0	4	G	A	B.1.620	ACE2 receptor binding affinity	Ramanathan et al. (2021)		Using Mircoscale Thermopheresis, the B.1.351 variant harboring three mutations, binds ACE2 at nearly  five-fold greater affinity than the original SARS-COV-2 RBD (Kd 87.6, vs 402.5 nM).	False	True	Unnamed	VUM			14-Jul-2021
p.E484K	c.G1450A	p.E484K			23012	S	S	MISSENSE	4	4						0	4	G	A	B.1.620	ACE2 receptor binding affinity	Starr et al. (2020)		Experimentally, ACE2 binding affinity increased 0.06 fold	False	True	Unnamed	VUM			14-Jul-2021
p.E484K	c.G1450A	p.E484K			23012	S	S	MISSENSE	4	4						0	4	G	A	B.1.620	ACE2 receptor binding affinity	Tian et al. (2021)		Reported moderate increase in affinity compared to wild-type RBD on the cell surface (Kd 	False	True	Unnamed	VUM			14-Jul-2021
p.E484K	c.G1450A	p.E484K			23012	S	S	MISSENSE	4	4						0	4	G	A	B.1.620	ACE2 receptor binding affinity	Tian et al. (2021)		Reported slight increase in affinity compared to wild-type RBD on the cell surface (Kd 	False	True	Unnamed	VUM			14-Jul-2021
p.E484K	c.G1450A	p.E484K			23012	S	S	MISSENSE	4	4						0	4	G	A	B.1.620	ACE2 receptor binding affinity	Vogel et al. (2021)		The affinity of ACE2 for this mutation combination was twice as high as for wild type. Having in mind that the affinity of SARS-CoV-2 for ACE2 is only 4-fold higher compared to SARS-CoV-1, this factor of 2 is expected to be biologically significant.	False	True	Unnamed	VUM			14-Jul-2021
p.E484K	c.G1450A	p.E484K			23012	S	S	MISSENSE	4	4						0	4	G	A	B.1.620	ACE2 receptor binding affinity	Zahradnik et al. (2021)		Among the first selected variants in an in vitro evolution experiment for ACE2 binding.	False	True	Unnamed	VUM			14-Jul-2021
p.E484K	c.G1450A	p.E484K			23012	S	S	MISSENSE	4	4						0	4	G	A	B.1.620	T cell evasion	Reynolds et al. (2021)		Analyzing responses to the E484K mutation seen in B.1.351 and P.1 variants, we noted that it did  not fall in a region predicted to bind the HLAII alleles tested (table S4). The mutation appeared  to have no substantial or differential impact on T cell responses.	False	True	Unnamed	VUM			14-Jul-2021
p.E484K	c.G1450A	p.E484K			23012	S	S	MISSENSE	4	4						0	4	G	A	B.1.620	antibody epitope effects	Chen et al. (2021)		Ablates Class 1 receptor-binding-motif targeting antibodies COV2-2050, 1B07, COVOX-384 and S2H58.	False	True	Unnamed	VUM			14-Jul-2021
p.E484K	c.G1450A	p.E484K			23012	S	S	MISSENSE	4	4						0	4	G	A	B.1.620	antibody epitope effects	Collier et al. (2021)		Of 50 mAbs tested, major loss of neutralization observed for S2N28, S2X615, S2N12, S2X192, S2H7, S2X16, S2X58, S2H70, S2X613, S2D19, S2N22, S2D32, S2H58, S2M11, S2D106, S2X30.	False	True	Unnamed	VUM			14-Jul-2021
p.E484K	c.G1450A	p.E484K			23012	S	S	MISSENSE	4	4						0	4	G	A	B.1.620	antibody epitope effects	Gaebler et al. (2021)		Ablates binding by class 2 mAbs such as C144 that directly interfere with ACE2 binding,  but clonal somatic mutations of memory B cells at 6.2 months (evolving humoral immune response)  show pronounced increase in binding to the variant. 	False	True	Unnamed	VUM			14-Jul-2021
p.E484K	c.G1450A	p.E484K			23012	S	S	MISSENSE	4	4						0	4	G	A	B.1.620	antibody epitope effects	Li et al. (2021)		Monoclonal antibodies 13G9 and 58G6 maintain fairly high neutralization potency, compared to others interfacing with E484K.	False	True	Unnamed	VUM			14-Jul-2021
p.E484K	c.G1450A	p.E484K			23012	S	S	MISSENSE	4	4						0	4	G	A	B.1.620	antibody epitope effects	Liu et al. (2020)		Mutant screen in neutralization assay with a broad range of monoclonal antibodies shows high resistence to 4 antibodies,  and broad low level resistence against much of the rest of the panel.	False	True	Unnamed	VUM			14-Jul-2021
p.E484K	c.G1450A	p.E484K			23012	S	S	MISSENSE	4	4						0	4	G	A	B.1.620	antibody epitope effects	Rappazzo et al. (2021)		Massive reduction in binding efficiency vs wild type for mAb LY-CoV555.	False	True	Unnamed	VUM			14-Jul-2021
p.E484K	c.G1450A	p.E484K			23012	S	S	MISSENSE	4	4						0	4	G	A	B.1.620	antibody epitope effects	Sun et al. (2021)		Complete loss of binding in ELISA by the variant against monoclonal antibody VH-Fc ab8	False	True	Unnamed	VUM			14-Jul-2021
p.E484K	c.G1450A	p.E484K			23012	S	S	MISSENSE	4	4						0	4	G	A	B.1.620	antibody epitope effects	Wang et al. (2021)		Pseudotyped virus model ablates neutralization by RBD-directed mAbs 4-20, 2-4, 2-43, 2-30, 2-15, LY-Cov555, C121. Pseudotyped virus model impairs neutralization by RBD-directed mAb COV2-2196 (somewhat more than fully pseudotyped B.1.351 or live virus)	False	True	Unnamed	VUM			14-Jul-2021
p.E484K	c.G1450A	p.E484K			23012	S	S	MISSENSE	4	4						0	4	G	A	B.1.620	antibody epitope effects	Wang et al. (2021)		Resistent to all seven class 2 (Spike 'up' or 'down' conformation, RBD targeting) antibodies tested, with 10-fold  or greater reduction in neutralization (plus notable reudction in two unclassfied mAbs).	False	True	Unnamed	VUM			14-Jul-2021
p.E484K	c.G1450A	p.E484K			23012	S	S	MISSENSE	4	4						0	4	G	A	B.1.620	convalescent plasma binding	Gong et al. (2021)	'D614G'	1.42x increase in Spike binding (relative to D614G alone) by 5 plasma collected 8 months post-symptom-onset.	False	True	Unnamed	VUM			14-Jul-2021
p.E484K	c.G1450A	p.E484K			23012	S	S	MISSENSE	4	4						0	4	G	A	B.1.620	convalescent plasma escape	Alenquer et al. (2021)		Average ~5-fold reduction in neutralization efficacy in convalescent sera of 16 health workers infected in Spring 2020.	False	True	Unnamed	VUM			14-Jul-2021
p.E484K	c.G1450A	p.E484K			23012	S	S	MISSENSE	4	4						0	4	G	A	B.1.620	convalescent plasma escape	Andreano et al. (2020)		This mutation occurred in 100% of sequenced virions after 12 passages and led to a 4-fold decrease in convalescent plasma neutralization activity	False	True	Unnamed	VUM			14-Jul-2021
p.E484K	c.G1450A	p.E484K			23012	S	S	MISSENSE	4	4						0	4	G	A	B.1.620	convalescent plasma escape	Cele et al. (2021)		The 501Y.V2 to first wave IC50 ratio ranged from 6 to 200-fold. Averaging across all 7 participant convalescent sera highlighted the dramatic decrease in sensitivity to neutralization of authentic 501Y.V2 variants. PG: I'm purposefully ignoring D614G and A701V as contributors	False	True	Unnamed	VUM			14-Jul-2021
p.E484K	c.G1450A	p.E484K			23012	S	S	MISSENSE	4	4						0	4	G	A	B.1.620	convalescent plasma escape	Liu et al. (2021)		Remarkably, several of the E484 escape mutants were resistant to neutralization at the highest concentration (1:80 initial dilution) of all 4 convalescent sera tested (triplicate experiments). Against a wider panel of 16 convalescent plasma (no replicates), all but one show major resistance.	False	True	Unnamed	VUM			14-Jul-2021
p.E484K	c.G1450A	p.E484K			23012	S	S	MISSENSE	4	4						0	4	G	A	B.1.620	convalescent plasma escape	Schmidt et al. (2021)		Escape mutant found after in passage in plasma pool of 26 convalescents mean 1.5 post symptom onset.	False	True	Unnamed	VUM			14-Jul-2021
p.E484K	c.G1450A	p.E484K			23012	S	S	MISSENSE	4	4						0	4	G	A	B.1.620	convalescent plasma escape	Tada et al. (2021)		The only mutation in the B.1.351 lineage that appears to contribute to neutralization reduction (~1.7x across 10 convalescent sera from April 2020 infectees)	False	True	Unnamed	VUM			14-Jul-2021
p.E484K	c.G1450A	p.E484K			23012	S	S	MISSENSE	4	4						0	4	G	A	B.1.620	convalescent plasma escape	Tada et al. (2021)	'D614G'	Pseudotyped viruses for B.1.618 was 2.5-fold resistant to neutralization by convalescent sera compared to wild type - a finding that was similar to that of the 3-fold resistance of the South Africa B.1.351 variant using the same assay. The resistance of B.1.618 was caused by the E484K mutation, based on results from viruses pseudotyped for individual variants within B.1.618. [details on the convalescent patient sera collection are not abundantly clear in the preprint]	False	True	Unnamed	VUM			14-Jul-2021
p.E484K	c.G1450A	p.E484K			23012	S	S	MISSENSE	4	4						0	4	G	A	B.1.620	convalescent plasma escape	Tang et al. (2021)		As measured by surface plasmon resonance, RBD with the E484K mutation alone showed a mean 19.1x decrease in binding affinity for  six batches of hyperimmune immunoglobulin (hCoV-2IG) preparations generated from SARS-CoV-2 convalescent plasma.	False	True	Unnamed	VUM			14-Jul-2021
p.E484K	c.G1450A	p.E484K			23012	S	S	MISSENSE	4	4						0	4	G	A	B.1.620	convalescent plasma escape	Wang et al. (2021)		The neutralizing activity of 15/20 convalescent sera was significantly lower against this pseudotyped virus model	False	True	Unnamed	VUM			14-Jul-2021
p.E484K	c.G1450A	p.E484K			23012	S	S	MISSENSE	4	4						0	4	G	A	B.1.620	convalescent plasma escape	Wibmer et al. (2021)		"27% of 44 early pandemic exposure convalescent plasma/sera lose all activity against a RBD triple mutant pseudovirus (RBD mutatants of the 501Y.V2 ""South African"" lineage), while only 23% retained high titres "	False	True	Unnamed	VUM			14-Jul-2021
p.E484K	c.G1450A	p.E484K			23012	S	S	MISSENSE	4	4						0	4	G	A	B.1.620	convalescent plasma escape	Wibmer et al. (2021)		"Nearly half (21 of 44, 48%) of early pandemic exposure convalescent plasma/sera failed to neutralize the 501Y.V2 (""South African"") lineage pseudovirus construct Only 3 of 44 convascent sera (those with the highest titer, which correlated direectly with initial infection severity) had high neutralization against this 501Y.V2  PG: note that lineage variant R246I was excluded from the text in reference to these sera assays, not sure if that was an oversight."	False	True	Unnamed	VUM			14-Jul-2021
p.E484K	c.G1450A	p.E484K			23012	S	S	MISSENSE	4	4						0	4	G	A	B.1.620	convalescent plasma escape	Zhou et al. (2021)		"Subtype of the B.1.526 ""New York"" lineage, lentivirus pseudotyped with this mutation combination in showed 3.3x reduction in  IC50 serum dilution concentration for 6 convalescent sera."	False	True	Unnamed	VUM			14-Jul-2021
p.E484K	c.G1450A	p.E484K			23012	S	S	MISSENSE	4	4						0	4	G	A	B.1.620	monoclonal antibody serial passage escape	Barnes et al. (2020)		The engineered mutation cause 10-fold or more increase in the disassociation constant with many monoclonal antibodies (C144/C002/C121/C104/C110).	False	True	Unnamed	VUM			14-Jul-2021
p.E484K	c.G1450A	p.E484K			23012	S	S	MISSENSE	4	4						0	4	G	A	B.1.620	monoclonal antibody serial passage escape	Baum et al. (2020)		Escape variant 100% appearance in 2 passages against Regeneron monoclonal antibody REGN10989 @ 50ug/mL (99% after one passage)	False	True	Unnamed	VUM			14-Jul-2021
p.E484K	c.G1450A	p.E484K			23012	S	S	MISSENSE	4	4						0	4	G	A	B.1.620	monoclonal antibody serial passage escape	Greaney et al. (2020)		Mildly effective mutant against this position in the RBD for highly neutralizing COV2-2479 monoclonal antibody Effective mutant against this position in the RBD for highly neutralizing COV2-2050 monoclonal antibody	False	True	Unnamed	VUM			14-Jul-2021
p.E484K	c.G1450A	p.E484K			23012	S	S	MISSENSE	4	4						0	4	G	A	B.1.620	monoclonal antibody serial passage escape	Starr et al. (2021)		Escape mutation against monoclonal antibody LY-CoV555 (antibody that forms the basis for Eli Lilly's bamlanivimab)	False	True	Unnamed	VUM			14-Jul-2021
p.E484K	c.G1450A	p.E484K			23012	S	S	MISSENSE	4	4						0	4	G	A	B.1.620	monoclonal antibody serial passage escape	Wang et al. (2021)		Class 2 antibodies C627, C602, C671, C643, and class 2/3 antibody C603 selected for the emergence of the E484K mutation in vitro.	False	True	Unnamed	VUM			14-Jul-2021
p.E484K	c.G1450A	p.E484K			23012	S	S	MISSENSE	4	4						0	4	G	A	B.1.620	monoclonal antibody serial passage escape	Weisblum et al. (2020)		Strong positive selection (up to 50% of supernatant sequences) after C121 monoclonal antibody assay, decreasing in subsequent passages Strong positive selection (up to 44% of supernatant sequences) after after one round of C144 monoclonal antibody passage, then waning on subsequent passages	False	True	Unnamed	VUM			14-Jul-2021
p.E484K	c.G1450A	p.E484K			23012	S	S	MISSENSE	4	4						0	4	G	A	B.1.620	pharmaceutical effectiveness	Engelhart et al. (2021)		Bamlanivimab (LY-CoV555) lost ~16x binding against this isolated mutation. Casirivimab lost ~16x binding against this isolated mutation.	False	True	Unnamed	VUM			14-Jul-2021
p.E484K	c.G1450A	p.E484K			23012	S	S	MISSENSE	4	4						0	4	G	A	B.1.620	pharmaceutical effectiveness	Engelhart et al. (2021)		Tixagevimab, Regdanvimab and COR-101 display reduced binding affinity to virus pseudotyped as RBD from B.1.351.	False	True	Unnamed	VUM			14-Jul-2021
p.E484K	c.G1450A	p.E484K			23012	S	S	MISSENSE	4	4						0	4	G	A	B.1.620	pharmaceutical effectiveness	Engelhart et al. (2021)	'S477N'	Bamlanivimab (LY-CoV555) lost ~10x binding against this double mutation. Tixagevimab lost ~16x binding against this double mutation.	False	True	Unnamed	VUM			14-Jul-2021
p.E484K	c.G1450A	p.E484K			23012	S	S	MISSENSE	4	4						0	4	G	A	B.1.620	pharmaceutical effectiveness	Liu et al. (2021)		This mutated version of RBD completely abolishes the binding to a therapeutic antibody, Bamlanivimab, in vitro.	False	True	Unnamed	VUM			14-Jul-2021
p.E484K	c.G1450A	p.E484K			23012	S	S	MISSENSE	4	4						0	4	G	A	B.1.620	trafficking	Ferriera et al (2021)		This variant alone shows a ~5x decrease in cell entry efficiency (RLU measurement in 293T cells) compared to D614G. 	False	True	Unnamed	VUM			14-Jul-2021
p.E484K	c.G1450A	p.E484K			23012	S	S	MISSENSE	4	4						0	4	G	A	B.1.620	trafficking	Kuzmina et al. (2021)	'D614G'	~2x more infectivity than D614G alone in HEK293T-ACE2 cells 48h post-transduction.	False	True	Unnamed	VUM			14-Jul-2021
p.E484K	c.G1450A	p.E484K			23012	S	S	MISSENSE	4	4						0	4	G	A	B.1.620	trafficking	Tada et al. (2021)		Lentiviral pseudotyped with this individual mutation from B.1.351 was tested on ACE2.293T cells. Luciferase activity was measured two days postinfection,  showing no change in infection rate amongst the cells.	False	True	Unnamed	VUM			14-Jul-2021
p.E484K	c.G1450A	p.E484K			23012	S	S	MISSENSE	4	4						0	4	G	A	B.1.620	vaccine neutralization efficacy	Ferreira et al. (2021)		Nine stored sera from Pfizer BNT162b2 vaccinees were tested against a range of spike mutation bearing PV. E484K conferred a ten-fold reduction in neutralisation by vaccine sera.	False	True	Unnamed	VUM			14-Jul-2021
p.E484K	c.G1450A	p.E484K			23012	S	S	MISSENSE	4	4						0	4	G	A	B.1.620	vaccine neutralization efficacy	Ikegame et al. (2021)		E484K pseudotyped VSV was tested for neutralization in a clonal HEK-293T ACE2 TMPRSS2 cell line optimized for highly efficient  S-mediated infection. A cohort of 12 Argentinian recipients of the Gamaleya Sputnik V Ad26 / Ad5 vaccine  showed a mean 2.8x decrease in neutralization effiacacy.	False	True	Unnamed	VUM			14-Jul-2021
p.E484K	c.G1450A	p.E484K			23012	S	S	MISSENSE	4	4						0	4	G	A	B.1.620	vaccine neutralization efficacy	Jangra et al. (2021)		Human sera from 5 two-dose Pfizer vaccinated individuals (47-68 days post 1st-dose) neutralized this variant 3.4x less relative to reference  USA-WA1/2020 strain. 8 convalescent plasma with weak IgG ELISA titre neutralized this variant 2.4x less relative to reference  USA-WA1/2020 strain. One plasma failed to neutralize at all. 11 convalescent plasma with moderate IgG ELISA titre neutralized this variant 4.2x less relative to reference  USA-WA1/2020 strain.  11 convalescent plasma with high IgG ELISA titre neutralized this variant 2.6x less relative to reference  USA-WA1/2020 strain. 	False	True	Unnamed	VUM			14-Jul-2021
p.E484K	c.G1450A	p.E484K			23012	S	S	MISSENSE	4	4						0	4	G	A	B.1.620	vaccine neutralization efficacy	Kuzmina et al. (2021)	'D614G'	This variant showed only minor in Pfizer sera (one or two dose) neutralization efficiency vs D614G (using lentivirus pseudotype).	False	True	Unnamed	VUM			14-Jul-2021
p.E484K	c.G1450A	p.E484K			23012	S	S	MISSENSE	4	4						0	4	G	A	B.1.620	vaccine neutralization efficacy	Solfrosi et al. (2021)		Neutralizing antibody titers of non-human primate sera after one or two doses of Ad26.COV2.S (Jannsen vaccine)  against the variants containing the E484K substitution in the RBD were present but reduced  (fold reduction between 3.35–7.78, 95% confidence interval all above twofold difference, one-sample t test). 	False	True	Unnamed	VUM			14-Jul-2021
p.E484K	c.G1450A	p.E484K			23012	S	S	MISSENSE	4	4						0	4	G	A	B.1.620	vaccine neutralization efficacy	Tada et al. (2021)	'D614G'	Pseudotyped viruses for B.1.618 was 2.7-fold resistant to neutralization by 6 BNT162b2 vaccine sera 28 days post-booster compared to wild type - a finding that was similar to that of the 3.4-fold resistance of the South Africa B.1.351 variant using the same assay. Neutralization by 3 Moderna vaccine sera 28 days post-booster was 3-fold resistant (vs. 2.2-fold for B.1.351). The resistance of B.1.618 was caused by the E484K mutation, based on results from viruses pseudotyped for individual variants within B.1.618.	False	True	Unnamed	VUM			14-Jul-2021
p.E484K	c.G1450A	p.E484K			23012	S	S	MISSENSE	4	4						0	4	G	A	B.1.620	vaccine neutralization efficacy	Wang et al. (2021)		In a cohort of 20 patients 8+ weeks after second vaccine dose of Moderna (mRNA-1273) or Pfizer-BioNTech (BNT162b2) vaccines,  ELISA tests show 10x reduced efficacy of a majority of isolated antibodies, but only a modest decrease for vaccine plasma overall.	False	True	Unnamed	VUM			14-Jul-2021
p.E484K	c.G1450A	p.E484K			23012	S	S	MISSENSE	4	4						0	4	G	A	B.1.620	vaccinee plasma binding	Gong et al. (2021)	'D614G'	1.16x increase in Spike binding (relative to D614G alone) by 5 plasma collected 3 weeks after one dose of Pfizer/BioNtech BNT162b2 vaccine in previously non-seroconverted subjects.  1.06x increase in Spike binding (relative to D614G alone) by 5 plasma collected 3 weeks after one dose of Pfizer/BioNtech BNT162b2 vaccine in post-infection vaccinees.	False	True	Unnamed	VUM			14-Jul-2021
p.E484K	c.G1450A	p.E484K			23012	S	S	MISSENSE	4	4						0	4	G	A	B.1.620	virion structure	Spratt et al. (2021)		Estimated free energy change (ddG) for this variant is -0.6 kcal/mol (i.e. destabilizing relative to wild type) 	False	True	Unnamed	VUM			14-Jul-2021
p.F3677del	c.11023_11031delTCTGGTTTT	p.S3675_F3677del	S3675_F3677del	'S3675del', '3676del'	11287	orf1ab	ORF1ab		4	4			nsp6	nsp6_TM, putative transmembrane domain, produced by both pp1a and pp1ab	YP_009725302.1	0	4	GTCTGGTTTT	G	B.1.620					False	True	Unnamed	VUM			14-Jul-2021
p.F924F	c.C2772T	p.F924F			3037	orf1ab	ORF1ab	SILENT	4	4			nsp3	former nsp1, conserved domains are: N-terminal acidic (Ac), predicted phosphoesterase, papain-like proteinase, Y-domain, transmembrane domain 1 (TM1), adenosine diphosphate-ribose 1''-phosphatase (ADRP), produced by both pp1a and pp1ab	YP_009725299.1	0	4	C	T	B.1.620					False	True	Unnamed	VUM			14-Jul-2021
p.H245Y	c.C733T	p.H245Y			22295	S	S	MISSENSE	8	4						0	8	C	T	B.1.620, B.1.620					False	True, True	Unnamed	VUM			14-Jul-2021
p.H69del	c.203_208delTACATG	p.H69_V70del	H69_V70del	'V70del'	21764	S	S		4	4						0	4	ATACATG	A	B.1.620	ACE2 receptor binding affinity	Gong et al. (2021)	'D614G', 'V70del'	"Using flow cytometry and ACE2 ectodomains-Fc portion IgG complex, this variant showed a 1.51x increase in binding (KD) relative to D614G, mostly due to decreased in ""off-rate"" a.k.a. dissociation rate (Kdis)."	False	True	Unnamed	VUM			14-Jul-2021
p.H69del	c.203_208delTACATG	p.H69_V70del	H69_V70del	'V70del'	21764	S	S		4	4						0	4	ATACATG	A	B.1.620	antibody epitope effects	Rees-Spear et al. (2021)	'V70del'	Reduces neutralization by structurally unmapped mAb COVA1-21 (cluster XI).	False	True	Unnamed	VUM			14-Jul-2021
p.H69del	c.203_208delTACATG	p.H69_V70del	H69_V70del	'V70del'	21764	S	S		4	4						0	4	ATACATG	A	B.1.620	convalescent plasma binding	Gong et al. (2021)	'D614G', 'V70del'	1.33x increase in Spike binding (relative to D614G alone) by 5 plasma collected 8 months post-symptom-onset. 	False	True	Unnamed	VUM			14-Jul-2021
p.H69del	c.203_208delTACATG	p.H69_V70del	H69_V70del	'V70del'	21764	S	S		4	4						0	4	ATACATG	A	B.1.620	convalescent plasma escape	Kemp et al. (2020)		Fatal COVID-19 complications in immunocomprimised patient after immune escape from convalescent plasma	False	True	Unnamed	VUM			14-Jul-2021
p.H69del	c.203_208delTACATG	p.H69_V70del	H69_V70del	'V70del'	21764	S	S		4	4						0	4	ATACATG	A	B.1.620	convalescent plasma escape	Shen et al. (2021)	'V70del'	Neutralization activity of almost all Moderna Phase 1 sera tested actually *increased*.	False	True	Unnamed	VUM			14-Jul-2021
p.H69del	c.203_208delTACATG	p.H69_V70del	H69_V70del	'V70del'	21764	S	S		4	4						0	4	ATACATG	A	B.1.620	convalescent plasma escape	Tada et al. (2021)	'V70del'	Viruses containing the point mutations of B.1.1.7 showed that the single point mutations (Δ69-70 and N501Y) were neutralized as efficiently as D614G across 10 convalescent sera from April 2020 infectees.	False	True	Unnamed	VUM			14-Jul-2021
p.H69del	c.203_208delTACATG	p.H69_V70del	H69_V70del	'V70del'	21764	S	S		4	4						0	4	ATACATG	A	B.1.620	immunosuppression variant emergence	Kemp et al. (2020)		The delH69/V70 enhances viral infectivity, indicating its effect on virus fitness is independent to the N501Y RBM change [with which it is found in lineage B.1.1.7] Possibly arisen as a result of the virus evolving from immune selection pressure in infected individuals and possibly only one chronic infection in the case of lineage B.1.1.7.	False	True	Unnamed	VUM			14-Jul-2021
p.H69del	c.203_208delTACATG	p.H69_V70del	H69_V70del	'V70del'	21764	S	S		4	4						0	4	ATACATG	A	B.1.620	vaccinee plasma binding	Gong et al. (2021)	'D614G', 'V70del'	1.14x increase in Spike binding (relative to D614G alone) by 5 plasma collected 3 weeks after one dose of Pfizer/BioNtech BNT162b2 vaccine in previously non-seroconverted subjects.  1.09x decrease in Spike binding (relative to D614G alone) by 5 plasma collected 3 weeks after one dose of Pfizer/BioNtech BNT162b2 vaccine in post-infection vaccinees.	False	True	Unnamed	VUM			14-Jul-2021
p.I312I	c.C936T	p.I312I			22498	S	S	SILENT	4	4						0	4	C	T	B.1.620					False	True	Unnamed	VUM			14-Jul-2021
p.I601T	c.T1802C	p.I601T			2067	orf1ab	ORF1ab	MISSENSE	4	4			nsp2	produced by both pp1a and pp1ab	YP_009725298.1	2	2	T	C	B.1.620					False	False	Unnamed	VUM			14-Jul-2021
p.I6595I	c.T19785C	p.I6595I			20049	orf1ab	ORF1ab	SILENT	4	4			endoRNAse	nsp15-A1 and nsp15B-NendoU, produced by pp1ab only	YP_009725310.1	0	4	T	C	B.1.620					False	True	Unnamed	VUM			14-Jul-2021
p.K1157K	c.G3471A	p.K1157K			25033	S	S	SILENT	4	4						2	2	G	A	B.1.620					False	False	Unnamed	VUM			14-Jul-2021
p.K3353R	c.A10058G	p.K3353R			10323	orf1ab	ORF1ab	MISSENSE	4	4			3C-like proteinase	nsp5A_3CLpro and nsp5B_3CLpro, main proteinase (Mpro), mediates cleavages downstream of nsp4. 3D structure of the SARSr-CoV homolog has been determined (Yang et al., 2003), produced by both pp1a and pp1ab	YP_009725301.1	2	2	A	G	B.1.620					False	False	Unnamed	VUM			14-Jul-2021
p.L241del	c.719_727delCTTTACTTG	p.L241_A243del	L241_A243del	'L242del', 'A243del'	22280	S	S		4	4						0	4	ACTTTACTTG	A	B.1.620					False	True	Unnamed	VUM			14-Jul-2021
p.L242del	c.719_727delCTTTACTTG	p.L241_A243del	L241_A243del	'L241del', 'A243del'	22280	S	S		8	4						0	8	ACTTTACTTG	A	B.1.620, B.1.620	antibody epitope effects	Wang et al. (2021)		B.1.351 pseudotyped virus model ablates neutralization by N-terminal-domain-directed mAbs 5-24, 4-8, 4A8, 2-17, and 4-19 (independent of S:p.R246I).	False	True, True	Unnamed	VUM			14-Jul-2021
p.L242del	c.719_727delCTTTACTTG	p.L241_A243del	L241_A243del	'L241del', 'A243del'	22280	S	S		8	4						0	8	ACTTTACTTG	A	B.1.620, B.1.620	antibody epitope effects	Wibmer et al. (2021)		"Ablates binding of Spike N terminal domain targeting monoclonal antibody 4A8, by disruption of N5-loop/supersite loop, may work synergistically with  501Y.V2 (""South African"") lineage background variant R246I to disrupt paratope binding. [PG: del extent simplified to accomodate minor position realignments]"	False	True, True	Unnamed	VUM			14-Jul-2021
p.L242del	c.719_727delCTTTACTTG	p.L241_A243del	L241_A243del	'L241del', 'A243del'	22280	S	S		8	4						0	8	ACTTTACTTG	A	B.1.620, B.1.620	convalescent plasma escape	Cele et al. (2021)		The 501Y.V2 to first wave IC50 ratio ranged from 6 to 200-fold. Averaging across all 7 participant convalescent sera highlighted the dramatic decrease in sensitivity to neutralization of authentic 501Y.V2 variants. PG: I'm purposefully ignoring D614G and A701V as contributors	False	True, True	Unnamed	VUM			14-Jul-2021
p.L242del	c.719_727delCTTTACTTG	p.L241_A243del	L241_A243del	'L241del', 'A243del'	22280	S	S		8	4						0	8	ACTTTACTTG	A	B.1.620, B.1.620	convalescent plasma escape	McCarthy et al. (2021)		Virus evolution data in 9 immunocomprised patients with long active COVID-19 infections was gathered, showing sequence deletion hotspots. This variant was present in 1 patient.	False	True, True	Unnamed	VUM			14-Jul-2021
p.L242del	c.719_727delCTTTACTTG	p.L241_A243del	L241_A243del	'L241del', 'A243del'	22280	S	S		8	4						0	8	ACTTTACTTG	A	B.1.620, B.1.620	convalescent plasma escape	Wibmer et al. (2021)		"Nearly half (21 of 44, 48%) of early pandemic exposure convalescent plasma/sera failed to neutralize the 501Y.V2 (""South African"") lineage pseudovirus construct Only 3 of 44 convascent sera (those with the highest titer, which correlated direectly with initial infection severity) had high neutralization against this 501Y.V2  PG: note that lineage variant R246I was excluded from the text in reference to these sera assays, not sure if that was an oversight."	False	True, True	Unnamed	VUM			14-Jul-2021
p.L242del	c.719_727delCTTTACTTG	p.L241_A243del	L241_A243del	'L241del', 'A243del'	22280	S	S		8	4						0	8	ACTTTACTTG	A	B.1.620, B.1.620	trafficking	Tada et al. (2021)		Lentiviral pseudotyped with this individual mutation from B.1.351 was tested on ACE2.293T cells. Luciferase activity was measured two days postinfection,  showing mild decrease in infection rate amongst the cells, suggesting that this  deletion does not contributing to cell entry fitness.	False	True, True	Unnamed	VUM			14-Jul-2021
p.L5F	c.C13T	p.L5F			21575	S	S	MISSENSE	4	4	mask	highly_homoplasic				3	1	C	T	B.1.620	ACE2 receptor binding affinity	Gong et al. (2021)	'D614G'	Using flow cytometry and ACE2 ectodomains-Fc portion IgG complex, this variant showed a 1.1x decrease in binding (KD) relative to D614G.	False	False	Unnamed	VUM			14-Jul-2021
p.L5F	c.C13T	p.L5F			21575	S	S	MISSENSE	4	4	mask	highly_homoplasic				3	1	C	T	B.1.620	convalescent plasma binding	Gong et al. (2021)	'D614G'	No change in Spike binding (relative to D614G alone) by 5 plasma collected 8 months post-symptom-onset.	False	False	Unnamed	VUM			14-Jul-2021
p.L5F	c.C13T	p.L5F			21575	S	S	MISSENSE	4	4	mask	highly_homoplasic				3	1	C	T	B.1.620	vaccinee plasma binding	Gong et al. (2021)	'D614G'	1.23x increase in Spike binding (relative to D614G alone) by 5 plasma collected 3 weeks after one dose of Pfizer/BioNtech BNT162b2 vaccine in previously non-seroconverted subjects.  1.1x decrease in Spike binding (relative to D614G alone) by 5 plasma collected 3 weeks after one dose of Pfizer/BioNtech BNT162b2 vaccine in post-infection vaccinees.	False	False	Unnamed	VUM			14-Jul-2021
p.N4889N	c.C14667T	p.N4889N			14931	orf1ab	ORF1ab	SILENT	4	4			RNA-dependent RNA polymerase	nsp12, NiRAN and RdRp, produced by pp1ab only	YP_009725307.1	3	1	C	T	B.1.620					False	False	Unnamed	VUM			14-Jul-2021
p.N5020N	c.C15060T	p.N5020N			15324	orf1ab	ORF1ab	SILENT	4	4			RNA-dependent RNA polymerase	nsp12, NiRAN and RdRp, produced by pp1ab only	YP_009725307.1	0	4	C	T	B.1.620					False	True	Unnamed	VUM			14-Jul-2021
p.N8N	c.T24C	p.N8N			28297	N	N	SILENT	4	4						0	4	T	C	B.1.620					False	True	Unnamed	VUM			14-Jul-2021
p.P26S	c.C76T	p.P26S			21638	S	S	MISSENSE	4	4						0	4	C	T	B.1.620	ACE2 receptor binding affinity	Gong et al. (2021)	'D614G'	Using flow cytometry and ACE2 ectodomains-Fc portion IgG complex, this variant showed a 1.58x increase in binding (KD) relative to D614G.	False	True	Unnamed	VUM			14-Jul-2021
p.P26S	c.C76T	p.P26S			21638	S	S	MISSENSE	4	4						0	4	C	T	B.1.620	convalescent plasma binding	Gong et al. (2021)	'D614G'	1.08x decrease in Spike binding (relative to D614G alone) by 5 plasma collected 8 months post-symptom-onset.	False	True	Unnamed	VUM			14-Jul-2021
p.P26S	c.C76T	p.P26S			21638	S	S	MISSENSE	4	4						0	4	C	T	B.1.620	vaccinee plasma binding	Gong et al. (2021)	'D614G'	1.23x decrease in Spike binding (relative to D614G alone) by 5 plasma collected 3 weeks after one dose of Pfizer/BioNtech BNT162b2 vaccine in previously non-seroconverted subjects.  1.37x decrease in Spike binding (relative to D614G alone) by 5 plasma collected 3 weeks after one dose of Pfizer/BioNtech BNT162b2 vaccine in post-infection vaccinees.	False	True	Unnamed	VUM			14-Jul-2021
p.P4715L	c.C14144T	p.P4715L			14408	orf1ab	ORF1ab	MISSENSE	8	4			RNA-dependent RNA polymerase	nsp12, NiRAN and RdRp, produced by pp1ab only	YP_009725307.1	0	8	C	T	B.1.620, B.1.620					False	True, True	Unnamed	VUM			14-Jul-2021
p.P5828S	c.C17482T	p.P5828S			17746	orf1ab	ORF1ab	MISSENSE	4	4			helicase	nsp13_ZBD, nsp13_TB, and nsp_HEL1core, zinc-binding domain (ZD), NTPase/helicase domain (HEL), RNA 5'-triphosphatase, produced by pp1ab only	YP_009725308.1	2	2	C	T	B.1.620					False	False	Unnamed	VUM			14-Jul-2021
p.P681H	c.C2042A	p.P681H			23604	S	S	MISSENSE	4	4						0	4	C	A	B.1.620	ACE2 receptor binding affinity	Gong et al. (2021)	'D614G'	Using flow cytometry and ACE2 ectodomains-Fc portion IgG complex, this variant showed a 1.23x decrease in binding (KD) relative to D614G.	False	True	Unnamed	VUM			14-Jul-2021
p.P681H	c.C2042A	p.P681H			23604	S	S	MISSENSE	4	4						0	4	C	A	B.1.620	antibody epitope effects	Chen et al. (2021)		Ablates Class 3 N-terminal domain targeting antibody COV2-2489, diminishes COV2-2676.	False	True	Unnamed	VUM			14-Jul-2021
p.P681H	c.C2042A	p.P681H			23604	S	S	MISSENSE	4	4						0	4	C	A	B.1.620	antibody epitope effects	Haynes et al. (2021)		Wildtype elicits immune response, COVID-19 cohort epitope score > 99th percentile of the 497 pre-pandemic controls, mutant drops PIWAS epitope score from 7.8% to 1.2% (significantly poorer immune recognition) Together with other B1.1.7 lineage mutational changes (Spike: Y144del,N501Y, A570D Nucleoprotein: D3L, S235F) resulted in only 2 of 579 individuals (0.3% of the population) having a dramatic reduction in PIWAS antigen scores, which reflects the peak epitope signal along the entire antigen.	False	True	Unnamed	VUM			14-Jul-2021
p.P681H	c.C2042A	p.P681H			23604	S	S	MISSENSE	4	4						0	4	C	A	B.1.620	antibody epitope effects	Johnson et al. (2020)		This variant is adjacent to the Spike protein furin cleavage site (cleavage of S into S1 and S2 subunits is required for viral membrane fusion and subsequent entry into host cells), a site shown to be highly immunogenic.	False	True	Unnamed	VUM			14-Jul-2021
p.P681H	c.C2042A	p.P681H			23604	S	S	MISSENSE	4	4						0	4	C	A	B.1.620	convalescent plasma binding	Gong et al. (2021)	'D614G'	1.26x increase in Spike binding (relative to D614G alone) by 5 plasma collected 8 months post-symptom-onset.	False	True	Unnamed	VUM			14-Jul-2021
p.P681H	c.C2042A	p.P681H			23604	S	S	MISSENSE	4	4						0	4	C	A	B.1.620	trafficking	Lubinski et al. (2021)		While the introduction of P681H in the SARS-CoV-2 B.1.1.7 variant may increase spike cleavage by furin-like proteases,  this does not significantly impact viral entry or cell-cell spread. We consider that other factors are at play to account  for the increased in transmission and disease severity attributed to this variant of concern (VOC).	False	True	Unnamed	VUM			14-Jul-2021
p.P681H	c.C2042A	p.P681H			23604	S	S	MISSENSE	4	4						0	4	C	A	B.1.620	trafficking	Maaroufi (2021)		This mutation in the first base of the furin clevage site maintains the RXXR recognition motif, and is presumed to enhance cleavage based on the removal of a proline-directed phosphotase recognition site at S680. In a homologuous site in Infectious  Bronchitis Virus (IBV, Gammacoronaviruses), abolition of S680 phosphorylation improves furin cleavage  (and presumably cell entry).	False	True	Unnamed	VUM			14-Jul-2021
p.P681H	c.C2042A	p.P681H			23604	S	S	MISSENSE	4	4						0	4	C	A	B.1.620	trafficking	Tada et al. (2021)		Lentiviral pseudotyped with this individual mutation from B.1.1.7 was tested on ACE2.293T cells. Luciferase activity was measured two days postinfection,  showing NO statistically significant infection rate change amongst the cells, suggesting that furin cleavage typically used for cell entry is not affected by this change one  amino acid upstream of the RXXR recognition pattern. 	False	True	Unnamed	VUM			14-Jul-2021
p.P681H	c.C2042A	p.P681H			23604	S	S	MISSENSE	4	4						0	4	C	A	B.1.620	vaccine neutralization efficacy	Zuckerman et al. (2021)	'D614G'	No significant change in virus neutralzation by 18 Pfizer two dose vaccinee sera compared to B.1.1.7. [results without including the used mutation A27S likely generalizable, as this is not a lineage defining mutation]	False	True	Unnamed	VUM			14-Jul-2021
p.P681H	c.C2042A	p.P681H			23604	S	S	MISSENSE	4	4						0	4	C	A	B.1.620	vaccinee plasma binding	Gong et al. (2021)	'D614G'	1.14x decrease in Spike binding (relative to D614G alone) by 5 plasma collected 3 weeks after one dose of Pfizer/BioNtech BNT162b2 vaccine in previously non-seroconverted subjects.  1.11x decrease in Spike binding (relative to D614G alone) by 5 plasma collected 3 weeks after one dose of Pfizer/BioNtech BNT162b2 vaccine in post-infection vaccinees.	False	True	Unnamed	VUM			14-Jul-2021
p.P681H	c.C2042A	p.P681H			23604	S	S	MISSENSE	4	4						0	4	C	A	B.1.620	virion structure	Tada et al. (2021)		The Ratio of S2 (processed Spike) to full length Spike is higher for this mutation,  due to a drop in the full length Spike measured, suggesting that this mutation compensates for decreased Spike production by improved proteolytic processing.	False	True	Unnamed	VUM			14-Jul-2021
p.Q57H	c.G171C	p.Q57H			25563	ORF3a	ORF3a	MISSENSE	4	4						2	2	G	C	B.1.620					False	False	Unnamed	VUM			14-Jul-2021
p.S3675del	c.11023_11031delTCTGGTTTT	p.S3675_F3677del	S3675_F3677del	'3676del', 'F3677del'	11287	orf1ab	ORF1ab		4	4			nsp6	nsp6_TM, putative transmembrane domain, produced by both pp1a and pp1ab	YP_009725302.1	0	4	GTCTGGTTTT	G	B.1.620					False	True	Unnamed	VUM			14-Jul-2021
p.S477N	c.G1430A	p.S477N			22992	S	S	MISSENSE	4	4						0	4	G	A	B.1.620	ACE2 host variant dependency	Barton et al. (2021)		This mutation's measured interaction affinity with ACE2:p.S19P (0.03% minor allele frequency,  found almost exclusively in African/African-Americans in the GnomAD database) was significantly lower than the predicted value,  indicating that these mutations were not independent. This is consistent with the fact that the ACE2 residue S19  is adjacent to RBD residue S477 in the contact interface. 	False	True	Unnamed	VUM			14-Jul-2021
p.S477N	c.G1430A	p.S477N			22992	S	S	MISSENSE	4	4						0	4	G	A	B.1.620	ACE2 receptor binding affinity			Increased affinity for ACE2: clade in Australia 2020-05-27 onward, clade in Europe 2020-08-08 onward Modelling shows flexible region in Spike RBD with residue S477 having the greatest rotational flexibility.	False	True	Unnamed	VUM			14-Jul-2021
p.S477N	c.G1430A	p.S477N			22992	S	S	MISSENSE	4	4						0	4	G	A	B.1.620	ACE2 receptor binding affinity	Starr et al. (2020)		Experimentally, ACE2 binding affinity increased 0.06 fold	False	True	Unnamed	VUM			14-Jul-2021
p.S477N	c.G1430A	p.S477N			22992	S	S	MISSENSE	4	4						0	4	G	A	B.1.620	ACE2 receptor binding affinity	Zahradnik et al. (2021)		Among the first selected minor variants in an in vitro evolution experiment for ACE2 binding, with increasing proportion in subsequent rounds.	False	True	Unnamed	VUM			14-Jul-2021
p.S477N	c.G1430A	p.S477N			22992	S	S	MISSENSE	4	4						0	4	G	A	B.1.620	antibody epitope effects	Gaebler et al. (2021)		Ablates binding by class 3 mAbs such as C135 that do not directly interfere with ACE2 binding,  but clonal somatic mutations of memory B cells at 6.2 months (evolving humoral immune response)  show pronounced increase in binding to the variant. 	False	True	Unnamed	VUM			14-Jul-2021
p.S477N	c.G1430A	p.S477N			22992	S	S	MISSENSE	4	4						0	4	G	A	B.1.620	antibody epitope effects	Liu et al. (2021)		Mutant screen in neutralization assay with a broad range of monoclonal antibodies shows some resistence across all antibodies tested.	False	True	Unnamed	VUM			14-Jul-2021
p.S477N	c.G1430A	p.S477N			22992	S	S	MISSENSE	4	4						0	4	G	A	B.1.620	convalescent plasma escape	Liu et al. (2021)		Mixed bag of mild positive and negative changes in neutralization capability of all 4 convalescent sera tested. Against a wider panel of 16 convalescent plasma (no replicates), 10 show low neutralization.	False	True	Unnamed	VUM			14-Jul-2021
p.S477N	c.G1430A	p.S477N			22992	S	S	MISSENSE	4	4						0	4	G	A	B.1.620	convalescent plasma escape	Liu et al. (2021)		Strong reduction in neutralization capability of all 4 convalescent sera tested (2 ablations).	False	True	Unnamed	VUM			14-Jul-2021
p.S477N	c.G1430A	p.S477N			22992	S	S	MISSENSE	4	4						0	4	G	A	B.1.620	convalescent plasma escape	Tada et al. (2021)	'D614G'	Lentiviral pseudotyped with the key mutations from 20A.EU2 lineage was neutralized slightly less than D614G in 10 convalescent sera from April 2020 infectees.	False	True	Unnamed	VUM			14-Jul-2021
p.S477N	c.G1430A	p.S477N			22992	S	S	MISSENSE	4	4						0	4	G	A	B.1.620	gene expression increase	Starr et al. (2020)		Experimentally, Spike gene expression increased 0.06 fold	False	True	Unnamed	VUM			14-Jul-2021
p.S477N	c.G1430A	p.S477N			22992	S	S	MISSENSE	4	4						0	4	G	A	B.1.620	pharmaceutical effectiveness	Engelhart et al. (2021)	'E484K'	Bamlanivimab (LY-CoV555) lost ~10x binding against this double mutation. Tixagevimab lost ~16x binding against this double mutation.	False	True	Unnamed	VUM			14-Jul-2021
p.S477N	c.G1430A	p.S477N			22992	S	S	MISSENSE	4	4						0	4	G	A	B.1.620	reinfection	Fournier et al. (2021)	'D614G'	"11 cases of re-infection with the ""Marseille-4"" variant found within 1028 positive tests, where all of the earlier infections were from different strains. This lineage is also characterized by N:p.M234I:A376T"	False	True	Unnamed	VUM			14-Jul-2021
p.S477N	c.G1430A	p.S477N			22992	S	S	MISSENSE	4	4						0	4	G	A	B.1.620	symptom prevalence	Fournier et al. (2021)	'D614G'	Compared to the clade 20A strains that predominated during phase 1 between March and May 2020, the Marseille-4 variant (characterized  by this mutation plus N:p.M234I:A376T) was associated with a lower frequency of cough, rhinitis, and olfactory and gustatory disorders.  By contrast, hypoxemia was more frequent in patients infected with the Marseille-4 variant.	False	True	Unnamed	VUM			14-Jul-2021
p.S477N	c.G1430A	p.S477N			22992	S	S	MISSENSE	4	4						0	4	G	A	B.1.620	trafficking	Tada et al. (2021)	'D614G'	Lentiviral pseudotyped with the key mutations from 20A.EU2 lineage was tested on ACE2.293T cells. Luciferase activity was measured two days postinfection,  showing no significant change in infection rate amongst the cells, suggesting that this  mutation does not contributing to cell entry fitness.	False	True	Unnamed	VUM			14-Jul-2021
p.S477N	c.G1430A	p.S477N			22992	S	S	MISSENSE	4	4						0	4	G	A	B.1.620	virion structure	Spratt et al. (2021)		Estimated free energy change (ddG) for this variant is 0.22 kcal/mol (i.e. stabilizing relative to wild type) 	False	True	Unnamed	VUM			14-Jul-2021
p.T1027I	c.C3080T	p.T1027I			24642	S	S	MISSENSE	4	4						0	4	C	T	B.1.620	ACE2 receptor binding affinity	Gong et al. (2021)	'D614G'	Using flow cytometry and ACE2 ectodomains-Fc portion IgG complex, this variant showed a 1.69x decrease in binding (KD) relative to D614G.	False	True	Unnamed	VUM			14-Jul-2021
p.T1027I	c.C3080T	p.T1027I			24642	S	S	MISSENSE	4	4						0	4	C	T	B.1.620	convalescent plasma binding	Gong et al. (2021)	'D614G'	1.56x increase in Spike binding (relative to D614G alone) by 5 plasma collected 8 months post-symptom-onset.	False	True	Unnamed	VUM			14-Jul-2021
p.T1027I	c.C3080T	p.T1027I			24642	S	S	MISSENSE	4	4						0	4	C	T	B.1.620	vaccinee plasma binding	Gong et al. (2021)	'D614G'	1.32x decrease in Spike binding (relative to D614G alone) by 5 plasma collected 3 weeks after one dose of Pfizer/BioNtech BNT162b2 vaccine in previously non-seroconverted subjects.  1.22x increase in Spike binding (relative to D614G alone) by 5 plasma collected 3 weeks after one dose of Pfizer/BioNtech BNT162b2 vaccine in post-infection vaccinees.	False	True	Unnamed	VUM			14-Jul-2021
p.T1027I	c.C3080T	p.T1027I			24642	S	S	MISSENSE	4	4						0	4	C	T	B.1.620	virion structure	Spratt et al. (2021)		Estimated free energy change (ddG) for this variant is 1.51 kcal/mol (i.e. stabilizing relative to wild type) 	False	True	Unnamed	VUM			14-Jul-2021
p.T175I	c.C524T	p.T175I			25916	ORF3a	ORF3a	MISSENSE	4	4						2	2	C	T	B.1.620					False	False	Unnamed	VUM			14-Jul-2021
p.T403I	c.C1208T	p.T403I			1473	orf1ab	ORF1ab	MISSENSE	4	4			nsp2	produced by both pp1a and pp1ab	YP_009725298.1	0	4	C	T	B.1.620					False	True	Unnamed	VUM			14-Jul-2021
p.T618T	c.A1854T	p.T618T			23416	S	S	SILENT	4	4						0	4	A	T	B.1.620					False	True	Unnamed	VUM			14-Jul-2021
p.T89I	c.C266T	p.T89I			25658	ORF3a	ORF3a	MISSENSE	4	4						2	2	C	T	B.1.620					False	False	Unnamed	VUM			14-Jul-2021
p.V126A	c.T377C	p.V126A			21939	S	S	MISSENSE	8	4						0	8	T	C	B.1.620, B.1.620					False	True, True	Unnamed	VUM			14-Jul-2021
p.V1991I	c.G5971A	p.V1991I			6236	orf1ab	ORF1ab	MISSENSE	4	4			nsp3	former nsp1, conserved domains are: N-terminal acidic (Ac), predicted phosphoesterase, papain-like proteinase, Y-domain, transmembrane domain 1 (TM1), adenosine diphosphate-ribose 1''-phosphatase (ADRP), produced by both pp1a and pp1ab	YP_009725299.1	0	4	G	A	B.1.620					False	True	Unnamed	VUM			14-Jul-2021
p.V70del	c.203_208delTACATG	p.H69_V70del	H69_V70del	'H69del'	21764	S	S		4	4						0	4	ATACATG	A	B.1.620	ACE2 receptor binding affinity	Gong et al. (2021)	'D614G', 'H69del'	"Using flow cytometry and ACE2 ectodomains-Fc portion IgG complex, this variant showed a 1.51x increase in binding (KD) relative to D614G, mostly due to decreased in ""off-rate"" a.k.a. dissociation rate (Kdis)."	False	True	Unnamed	VUM			14-Jul-2021
p.V70del	c.203_208delTACATG	p.H69_V70del	H69_V70del	'H69del'	21764	S	S		4	4						0	4	ATACATG	A	B.1.620	antibody epitope effects	Rees-Spear et al. (2021)	'H69del'	Reduces neutralization by structurally unmapped mAb COVA1-21 (cluster XI).	False	True	Unnamed	VUM			14-Jul-2021
p.V70del	c.203_208delTACATG	p.H69_V70del	H69_V70del	'H69del'	21764	S	S		4	4						0	4	ATACATG	A	B.1.620	convalescent plasma binding	Gong et al. (2021)	'D614G', 'H69del'	1.33x increase in Spike binding (relative to D614G alone) by 5 plasma collected 8 months post-symptom-onset. 	False	True	Unnamed	VUM			14-Jul-2021
p.V70del	c.203_208delTACATG	p.H69_V70del	H69_V70del	'H69del'	21764	S	S		4	4						0	4	ATACATG	A	B.1.620	convalescent plasma escape	Kemp et al. (2020)		Fatal COVID-19 complications in immunocomprimised patient after immune escape from convalescent plasma	False	True	Unnamed	VUM			14-Jul-2021
p.V70del	c.203_208delTACATG	p.H69_V70del	H69_V70del	'H69del'	21764	S	S		4	4						0	4	ATACATG	A	B.1.620	convalescent plasma escape	Shen et al. (2021)	'H69del'	Neutralization activity of almost all Moderna Phase 1 sera tested actually *increased*.	False	True	Unnamed	VUM			14-Jul-2021
p.V70del	c.203_208delTACATG	p.H69_V70del	H69_V70del	'H69del'	21764	S	S		4	4						0	4	ATACATG	A	B.1.620	convalescent plasma escape	Tada et al. (2021)	'H69del'	Viruses containing the point mutations of B.1.1.7 showed that the single point mutations (Δ69-70 and N501Y) were neutralized as efficiently as D614G across 10 convalescent sera from April 2020 infectees.	False	True	Unnamed	VUM			14-Jul-2021
p.V70del	c.203_208delTACATG	p.H69_V70del	H69_V70del	'H69del'	21764	S	S		4	4						0	4	ATACATG	A	B.1.620	immunosuppression variant emergence	Kemp et al. (2020)		The delH69/V70 enhances viral infectivity, indicating its effect on virus fitness is independent to the N501Y RBM change [with which it is found in lineage B.1.1.7] Possibly arisen as a result of the virus evolving from immune selection pressure in infected individuals and possibly only one chronic infection in the case of lineage B.1.1.7.	False	True	Unnamed	VUM			14-Jul-2021
p.V70del	c.203_208delTACATG	p.H69_V70del	H69_V70del	'H69del'	21764	S	S		4	4						0	4	ATACATG	A	B.1.620	vaccinee plasma binding	Gong et al. (2021)	'D614G', 'H69del'	1.14x increase in Spike binding (relative to D614G alone) by 5 plasma collected 3 weeks after one dose of Pfizer/BioNtech BNT162b2 vaccine in previously non-seroconverted subjects.  1.09x decrease in Spike binding (relative to D614G alone) by 5 plasma collected 3 weeks after one dose of Pfizer/BioNtech BNT162b2 vaccine in post-infection vaccinees.	False	True	Unnamed	VUM			14-Jul-2021
p.Y144del	c.429_431delTTA	p.Y144del			21990	S	S		4	4						0	4	TTTA	T	B.1.620	ACE2 receptor binding affinity	Gong et al. (2021)	'D614G'	Using flow cytometry and ACE2 ectodomains-Fc portion IgG complex, this variant showed a slight decrease in binding (KD) relative to D614G.	False	True	Unnamed	VUM			14-Jul-2021
p.Y144del	c.429_431delTTA	p.Y144del			21990	S	S		4	4						0	4	TTTA	T	B.1.620	antibody epitope effects	Haynes et al. (2021)		Wildtype elicits immune response, COVID-19 cohort epitope score > 99th percentile of the 497 pre-pandemic controls, mutant drops PIWAS epitope score from 1% to 0.17% (poorer immune recognition) Together with other B1.1.7 lineage mutational changes (Spike: N501Y, A570D, P681H, Nucleoprotein: D3L, S235F) resulted in only 2 of 579 individuals (0.3% of the population) having a dramatic reduction in PIWAS antigen scores, which reflects the peak epitope signal along the entire antigen. 	False	True	Unnamed	VUM			14-Jul-2021
p.Y144del	c.429_431delTTA	p.Y144del			21990	S	S		4	4						0	4	TTTA	T	B.1.620	antibody epitope effects	McCallum et al. (2021)		"Massive reduction in S2M28 monoclonal antibody EC50 (i.e. ablated recognition), within antigenic supersite ""i""  Massive reduction in S2X28 monoclonal antibody EC50 (i.e. ablated recognition), within antigenic supersite ""i""  Massive reduction in S2X333 monoclonal antibody EC50 (i.e. ablated recognition), within antigenic supersite ""i""  Massive reduction in 4A8 monoclonal antibody EC50 (i.e. ablated recognition) "	False	True	Unnamed	VUM			14-Jul-2021
p.Y144del	c.429_431delTTA	p.Y144del			21990	S	S		4	4						0	4	TTTA	T	B.1.620	antibody epitope effects	Wang et al. (2021)		Abolishes neutralization by N-terminal-domain-directed mAbs 5-24, 4-8, and 4A8.	False	True	Unnamed	VUM			14-Jul-2021
p.Y144del	c.429_431delTTA	p.Y144del			21990	S	S		4	4						0	4	TTTA	T	B.1.620	convalescent plasma binding	Gong et al. (2021)	'D614G'	1.14x increase in Spike binding (relative to D614G alone) by 5 plasma collected 8 months post-symptom-onset. 	False	True	Unnamed	VUM			14-Jul-2021
p.Y144del	c.429_431delTTA	p.Y144del			21990	S	S		4	4						0	4	TTTA	T	B.1.620	convalescent plasma escape	McCarthy et al. (2021)		Virus evolution data in 9 immunocomprised patients with long active COVID-19 infections was gathered, showing sequence deletion hotspots. This variant was present in 4 patients.	False	True	Unnamed	VUM			14-Jul-2021
p.Y144del	c.429_431delTTA	p.Y144del			21990	S	S		4	4						0	4	TTTA	T	B.1.620	immunosuppression variant emergence	Avanzato et al. (2020)		Emergent as 100% variant from larger minor (1% allele frequency) deletion by day 70 post-infection of female immunocompromised  individual with chronic lymphocytic leukemia and acquired hypogammaglobulinemia. Variant disappeared after convalescent plasma treatment (day 71) in subsequent sample sequencing.	False	True	Unnamed	VUM			14-Jul-2021
p.Y144del	c.429_431delTTA	p.Y144del			21990	S	S		4	4						0	4	TTTA	T	B.1.620	trafficking	Tada et al. (2021)		Lentiviral pseudotyped with this individual mutation from B.1.1.7 was tested on ACE2.293T cells. Luciferase activity was measured two days postinfection,  showing slightly increased infection rate amongst the cells. 	False	True	Unnamed	VUM			14-Jul-2021
p.Y144del	c.429_431delTTA	p.Y144del			21990	S	S		4	4						0	4	TTTA	T	B.1.620	vaccinee plasma binding	Gong et al. (2021)	'D614G'	1.08x decrease in Spike binding (relative to D614G alone) by 5 plasma collected 3 weeks after one dose of Pfizer/BioNtech BNT162b2 vaccine in previously non-seroconverted subjects.  1.11x increase in Spike binding (relative to D614G alone) by 5 plasma collected 3 weeks after one dose of Pfizer/BioNtech BNT162b2 vaccine in post-infection vaccinees.	False	True	Unnamed	VUM			14-Jul-2021
