name	nt_name	aa_name	multi_aa_name	multiaa_mutation_split_names	start	vcf_gene	chrom_region	mutation_type	dp	obs_sample_size	variant_pop_size	ps_filter	ps_exc	mat_pep_id	mat_pep_desc	mat_pep_acc	ro	ao_by_var_seq	ao	variant_seq	reference_seq	function_category	citation	citation_url	comb_mutation	function_description	heterozygosity	viral_lineages	clade_defining_status	status	voi_designation_date	voc_designation_date	vum_designation_date
A15S	g.G43T	p.A15S			27798	ORF7b	ORF7b	MISSENSE	5	5	0						3	T=2	2	T	G						False	P.3	P.3=False	de_escalated	24-Mar-2021		
A243_L244del	g.727_732delGCTTTA	p.A243_L244del			22288	S	S		5	5	0						0	TC=5	5	TC	TGCTTTAC						False	P.3	P.3=True	de_escalated	24-Mar-2021		
A5692V	g.C17075T	p.A5692V			17339	ORF1ab	ORF1b	MISSENSE	5	5	0			helicase	nsp13_ZBD, nsp13_TB, and nsp_HEL1core, zinc-binding domain (ZD), NTPase/helicase domain (HEL), RNA 5'-triphosphatase, produced by pp1ab only		0	T=5	5	T	C						False	P.3	P.3=True	de_escalated	24-Mar-2021		
A599V	g.C1796T	p.A599V			2061	ORF1ab	ORF1a	MISSENSE	5	5	0			nsp2	produced by both pp1a and pp1ab		3	T=2	2	T	C						False	P.3	P.3=False	de_escalated	24-Mar-2021		
D1417D	g.T4251C	p.D1417D			4516	ORF1ab	ORF1a	SILENT	5	5	0			nsp3	former nsp1, conserved domains are: N-terminal acidic (Ac), predicted phosphoesterase, papain-like proteinase, Y-domain, transmembrane domain 1 (TM1), adenosine diphosphate-ribose 1''-phosphatase (ADRP), produced by both pp1a and pp1ab		3	C=2	2	C	T						False	P.3	P.3=False	de_escalated	24-Mar-2021		
D1554G	g.A4661G	p.D1554G			4926	ORF1ab	ORF1a	MISSENSE	5	5	0			nsp3	former nsp1, conserved domains are: N-terminal acidic (Ac), predicted phosphoesterase, papain-like proteinase, Y-domain, transmembrane domain 1 (TM1), adenosine diphosphate-ribose 1''-phosphatase (ADRP), produced by both pp1a and pp1ab		0	G=5	5	G	A						False	P.3	P.3=True	de_escalated	24-Mar-2021		
D2980N	g.G8938A	p.D2980N			9203	ORF1ab	ORF1a	MISSENSE	5	5	0			nsp4	nsp4B_TM, contains transmembrane domain 2 (TM2), produced by both pp1a and pp1ab		0	A=5	5	A	G						False	P.3	P.3=True	de_escalated	24-Mar-2021		
D3681E	g.C11043A	p.D3681E			11308	ORF1ab	ORF1a	MISSENSE	5	5	0			nsp6	nsp6_TM, putative transmembrane domain, produced by both pp1a and pp1ab		0	A=5	5	A	C						False	P.3	P.3=True	de_escalated	24-Mar-2021		
D614G	g.A1841G	p.D614G			23403	S	S	MISSENSE	5	5	0						0	G=5	5	G	A	ACE2 receptor binding affinity	Gong et al. (2021)	https://www.biorxiv.org/content/10.1101/2021.08.04.455140v1	'E484K'	This variant appears twice in the experiments, with slightly different affinities (both ~1.2x decrease in binding relative to D614G)  using flow cytometry and ACE2 ectodomains-Fc portion IgG complex.	False	P.3	P.3=True	de_escalated	24-Mar-2021		
D614G	g.A1841G	p.D614G			23403	S	S	MISSENSE	5	5	0						0	G=5	5	G	A	ACE2 receptor binding affinity	Gong et al. (2021)	https://www.biorxiv.org/content/10.1101/2021.08.04.455140v1	'N501Y'	"Using flow cytometry and ACE2 ectodomains-Fc portion IgG complex, this variant showed a 2.52x increase in binding (KD) relative to D614G, mostly due to decreased in ""off-rate"" a.k.a. dissociation rate (Kdis). Compare to full Spike variant complements for major lineages containing this variant subset: 5.43x (B.1.1.7 aka Alpha), 3.56x (B.1.351 aka Beta), 4.24x (P.1 aka Gamma)."	False	P.3	P.3=True	de_escalated	24-Mar-2021		
D614G	g.A1841G	p.D614G			23403	S	S	MISSENSE	5	5	0						0	G=5	5	G	A	ACE2 receptor binding affinity	Gong et al. (2021)	https://www.biorxiv.org/content/10.1101/2021.08.04.455140v1	'P681H'	Using flow cytometry and ACE2 ectodomains-Fc portion IgG complex, this variant showed a 1.23x decrease in binding (KD) relative to D614G.	False	P.3	P.3=True	de_escalated	24-Mar-2021		
D614G	g.A1841G	p.D614G			23403	S	S	MISSENSE	5	5	0						0	G=5	5	G	A	ACE2 receptor binding affinity	Li et al. (2020)	https://doi.org/10.1016/j.cell.2020.07.012		In four cell lines (including 293T-hACE2 cells), this mutation combination increases infectivity vs D614G alone	False	P.3	P.3=True	de_escalated	24-Mar-2021		
D614G	g.A1841G	p.D614G			23403	S	S	MISSENSE	5	5	0						0	G=5	5	G	A	convalescent plasma binding	Gong et al. (2021)	https://www.biorxiv.org/content/10.1101/2021.08.04.455140v1	'E484K'	1.42x increase in Spike binding (relative to D614G alone) by 5 plasma collected 8 months post-symptom-onset.	False	P.3	P.3=True	de_escalated	24-Mar-2021		
D614G	g.A1841G	p.D614G			23403	S	S	MISSENSE	5	5	0						0	G=5	5	G	A	convalescent plasma binding	Gong et al. (2021)	https://www.biorxiv.org/content/10.1101/2021.08.04.455140v1	'N501Y'	1.65x increase in Spike binding (relative to D614G alone) by 5 plasma collected 8 months post-symptom-onset.	False	P.3	P.3=True	de_escalated	24-Mar-2021		
D614G	g.A1841G	p.D614G			23403	S	S	MISSENSE	5	5	0						0	G=5	5	G	A	convalescent plasma binding	Gong et al. (2021)	https://www.biorxiv.org/content/10.1101/2021.08.04.455140v1	'P681H'	1.26x increase in Spike binding (relative to D614G alone) by 5 plasma collected 8 months post-symptom-onset.	False	P.3	P.3=True	de_escalated	24-Mar-2021		
D614G	g.A1841G	p.D614G			23403	S	S	MISSENSE	5	5	0						0	G=5	5	G	A	convalescent plasma escape	Tada et al. (2021)	https://www.biorxiv.org/content/10.1101/2021.05.14.444076v1	'E484K'	Pseudotyped viruses for B.1.618 was 2.5-fold resistant to neutralization by convalescent sera compared to wild type - a finding that was similar to that of the 3-fold resistance of the South Africa B.1.351 variant using the same assay. The resistance of B.1.618 was caused by the E484K mutation, based on results from viruses pseudotyped for individual variants within B.1.618. [details on the convalescent patient sera collection are not abundantly clear in the preprint]	False	P.3	P.3=True	de_escalated	24-Mar-2021		
D614G	g.A1841G	p.D614G			23403	S	S	MISSENSE	5	5	0						0	G=5	5	G	A	immunosuppression variant emergence	Landis et al. (2021)	https://www.medrxiv.org/content/10.1101/2021.05.08.21256775v1		Studying 94 COVID-19 extended infection cases with genomics April 1 to October 17, 2020, one case developed 23 mutations in a 19 day period, including this combination in Spike.	False	P.3	P.3=True	de_escalated	24-Mar-2021		
D614G	g.A1841G	p.D614G			23403	S	S	MISSENSE	5	5	0						0	G=5	5	G	A	syncytium formation	Kim et al. (2021)	https://dx.doi.org/10.3390%2Fv13040633		Slight increase in Vero cell-cell membrane fusion assay under infection with VSV pseudotyped virus.	False	P.3	P.3=True	de_escalated	24-Mar-2021		
D614G	g.A1841G	p.D614G			23403	S	S	MISSENSE	5	5	0						0	G=5	5	G	A	syncytium formation	Kim et al. (2021)	https://dx.doi.org/10.3390%2Fv13040633	'E484K', 'N501Y'	~50% Vero cell-cell membrane fusion assay under infection with VSV pseudotyped virus relative to wild type, signficantly higher than D614G.	False	P.3	P.3=True	de_escalated	24-Mar-2021		
D614G	g.A1841G	p.D614G			23403	S	S	MISSENSE	5	5	0						0	G=5	5	G	A	syncytium formation	Kim et al. (2021)	https://dx.doi.org/10.3390%2Fv13040633	'N501Y'	Slight increase in Vero cell-cell membrane fusion assay under infection with VSV pseudotyped virus relative to wild type, no change relative to D614G.	False	P.3	P.3=True	de_escalated	24-Mar-2021		
D614G	g.A1841G	p.D614G			23403	S	S	MISSENSE	5	5	0						0	G=5	5	G	A	tissue specific neutralization	Planas et al. (2021)	https://www.nature.com/articles/s41591-021-01318-5		The nasal mucosa of Pfizer vaccinees with time course collection was evaluated against VSV pseudotypes: results (only one nasal  swab from different previously infected vacinee neutralizing at weeks 3 and 6 against B.1.1.7 and D614G) suggest that vaccinees probably  do not elicit an early humoral response detectable at mucosal surfaces even though sera neutralization was observed. They strengthen the hypothesis that some vaccines may not protect against  viral acquisition and infection of the oral–nasal region, but may prevent severe disease associated with viral dissemination in the lower respiratory tract. 	False	P.3	P.3=True	de_escalated	24-Mar-2021		
D614G	g.A1841G	p.D614G			23403	S	S	MISSENSE	5	5	0						0	G=5	5	G	A	trafficking	Barrett et al. (2021)	https://www.biorxiv.org/content/10.1101/2021.01.24.428007v1		Circulating variant shown in vitro to not have major defects or enhancement of cell surface protein trafficking (i.e. Spike cleavage or fusion required for cell entry)	False	P.3	P.3=True	de_escalated	24-Mar-2021		
D614G	g.A1841G	p.D614G			23403	S	S	MISSENSE	5	5	0						0	G=5	5	G	A	trafficking	Daniloski et al. (2021)	https://doi.org/10.7554/elife.65365		The increased transduction with Spike D614G ranged from 1.3- to 2.4-fold in Caco-2 and Calu-3 cells expressing  endogenous ACE2 and from 1.5- to 7.7-fold in A549ACE2 and Huh7.5ACE2 overexpressing ACE2.  Although there is minimal difference in ACE2 receptor binding between the D614 and G614 Spike variants,  the G614 variant is more resistant to proteolytic cleavage, suggesting a possible mechanism for the increased transduction.	False	P.3	P.3=True	de_escalated	24-Mar-2021		
D614G	g.A1841G	p.D614G			23403	S	S	MISSENSE	5	5	0						0	G=5	5	G	A	trafficking	Kim et al. (2021)	https://dx.doi.org/10.3390%2Fv13040633		No change in infectivity (24h) relative to D614G alone in Caco-2 cells, Vero or Calu-3.	False	P.3	P.3=True	de_escalated	24-Mar-2021		
D614G	g.A1841G	p.D614G			23403	S	S	MISSENSE	5	5	0						0	G=5	5	G	A	trafficking	Kim et al. (2021)	https://dx.doi.org/10.3390%2Fv13040633		~4x more efficient S2 domain cleavage compared to wild type in Caco-2 cells, mid-range of three cell line tested (Vero and Calu-3).	False	P.3	P.3=True	de_escalated	24-Mar-2021		
D614G	g.A1841G	p.D614G			23403	S	S	MISSENSE	5	5	0						0	G=5	5	G	A	trafficking	Kim et al. (2021)	https://dx.doi.org/10.3390%2Fv13040633	'E484K', 'N501Y'	More efficient infectivity (24h) compared to wild type, in Caco-2 cells ~11x, Vero ~10x, and Calu-3 ~11x. Compare to wild type at ~5x across cell types.	False	P.3	P.3=True	de_escalated	24-Mar-2021		
D614G	g.A1841G	p.D614G			23403	S	S	MISSENSE	5	5	0						0	G=5	5	G	A	trafficking	Kim et al. (2021)	https://dx.doi.org/10.3390%2Fv13040633	'E484K', 'N501Y'	~6x more efficient S2 domain cleavage compared to wild type, compared to 4x by D614G alone in Caco-2 cells, mid-range of three cell line tested (Vero and Calu-3). [N501Y+D614G does not show an increase in cleavage, therefore a synergistic effect of the trio is implied]	False	P.3	P.3=True	de_escalated	24-Mar-2021		
D614G	g.A1841G	p.D614G			23403	S	S	MISSENSE	5	5	0						0	G=5	5	G	A	trafficking	Kim et al. (2021)	https://dx.doi.org/10.3390%2Fv13040633	'N501Y'	More efficient infectivity (24h) compared to wild type, in Caco-2 cells ~9x, Vero ~8x, and Calu-3 ~8x. Compare to wild type at ~5x across cell types.	False	P.3	P.3=True	de_escalated	24-Mar-2021		
D614G	g.A1841G	p.D614G			23403	S	S	MISSENSE	5	5	0						0	G=5	5	G	A	trafficking	Kim et al. (2021)	https://dx.doi.org/10.3390%2Fv13040633	'N501Y'	~4x more efficient S2 domain cleavage compared to wild type, no change relative to D614G alone in Caco-2 cells, mid-range of three cell line tested (Vero and Calu-3).	False	P.3	P.3=True	de_escalated	24-Mar-2021		
D614G	g.A1841G	p.D614G			23403	S	S	MISSENSE	5	5	0						0	G=5	5	G	A	trafficking	Kuzmina et al. (2021)	https://dx.doi.org/10.1016%2Fj.chom.2021.03.008	'E484K'	~2x more infectivity than D614G alone in HEK293T-ACE2 cells 48h post-transduction.	False	P.3	P.3=True	de_escalated	24-Mar-2021		
D614G	g.A1841G	p.D614G			23403	S	S	MISSENSE	5	5	0						0	G=5	5	G	A	trafficking	Kuzmina et al. (2021)	https://dx.doi.org/10.1016%2Fj.chom.2021.03.008	'E484K', 'N501Y'	~12x more infectivity than D614G alone in HEK293T-ACE2 cells 48h post-transduction (~additive effects of 501 and 484).	False	P.3	P.3=True	de_escalated	24-Mar-2021		
D614G	g.A1841G	p.D614G			23403	S	S	MISSENSE	10	10	0						0	G=10	10	G	A	trafficking	Kuzmina et al. (2021)	https://dx.doi.org/10.1016%2Fj.chom.2021.03.008	'N501Y'	9x more infectivity than D614G alone in HEK293T-ACE2 cells 48h post-transduction.	False	P.3	P.3=True	de_escalated	24-Mar-2021		
D614G	g.A1841G	p.D614G			23403	S	S	MISSENSE	5	5	0						0	G=5	5	G	A	trafficking	Ozono et al. (2020)	https://www.nature.com/articles/s41467-021-21118-2		Among S variants tested, the D614G mutant shows the highest cell entry (~3.5x wild type), as supported by  structural and binding analyses. 	False	P.3	P.3=True	de_escalated	24-Mar-2021		
D614G	g.A1841G	p.D614G			23403	S	S	MISSENSE	5	5	0						0	G=5	5	G	A	trafficking	Zhang et l. (2020)	https://www.nature.com/articles/s41467-020-19808-4		We report here pseudoviruses carrying SG614 enter ACE2-expressing cells more efficiently than wild type (~9-fold).  This increased entry correlates with less S1-domain shedding and higher S-protein incorporation into the virion.  D614G does not alter S-protein binding to ACE2 or neutralization sensitivity of pseudoviruses. Thus, D614G may  increase infectivity by assembling more functional S protein into the virion.	False	P.3	P.3=True	de_escalated	24-Mar-2021		
D614G	g.A1841G	p.D614G			23403	S	S	MISSENSE	5	5	0						0	G=5	5	G	A	vaccine neutralization efficacy	Garcia-Beltran et al. (2021)	https://doi.org/10.1016/j.cell.2021.03.013		Pseudotyped D614G virus has reduced neutralization activity vs wild type: 1.2x (37 sera Pfizer median 9  days post 2nd dose, 37 sera Moderna median 18 days post 2nd dose). This was NOT significant by ANOVA.	False	P.3	P.3=True	de_escalated	24-Mar-2021		
D614G	g.A1841G	p.D614G			23403	S	S	MISSENSE	5	5	0						0	G=5	5	G	A	vaccine neutralization efficacy	Garcia-Beltran et al. (2021)	https://doi.org/10.1016/j.cell.2021.03.013	'E484K', 'V1176F'	Pseudotyped P.2 virus has reduced neutralization activity vs wild type: 5.8x (30 sera Pfizer median 9 days post 2nd dose)  and 2.9x (35 sera Moderna median 18 days post 2nd dose). This was significant by ANOVA.	False	P.3	P.3=True	de_escalated	24-Mar-2021		
D614G	g.A1841G	p.D614G			23403	S	S	MISSENSE	5	5	0						0	G=5	5	G	A	vaccine neutralization efficacy	Kuzmina et al. (2021)	https://dx.doi.org/10.1016%2Fj.chom.2021.03.008		Using a lentivirus virus pseudotyped with D614G Spike, sera from vaccinated individuals who received the second dose (9–11 days post-second dose of Pfizer) exhibited a robust  neutralizing potential, with a mean NT50 value of 99,000. This was an average of a 2-fold increase, relative to sera drawn from the  individuals who received one dose of vaccination—mean NT50 dilution of 51,300. Importantly, a 6-fold increase in mean NT50 dilution was  obtained when sera from the first vaccination dose was compared to convalescent sera from cohort with severe disease (NT50 51,000 vs 8,700)  21 to 63 days post-onset. 	False	P.3	P.3=True	de_escalated	24-Mar-2021		
D614G	g.A1841G	p.D614G			23403	S	S	MISSENSE	5	5	0						0	G=5	5	G	A	vaccine neutralization efficacy	Kuzmina et al. (2021)	https://dx.doi.org/10.1016%2Fj.chom.2021.03.008	'E484K'	This variant showed only minor in Pfizer sera (one or two dose) neutralization efficiency vs D614G (using lentivirus pseudotype).	False	P.3	P.3=True	de_escalated	24-Mar-2021		
D614G	g.A1841G	p.D614G			23403	S	S	MISSENSE	5	5	0						0	G=5	5	G	A	vaccine neutralization efficacy	Kuzmina et al. (2021)	https://dx.doi.org/10.1016%2Fj.chom.2021.03.008	'E484K', 'N501Y'	This variant showed >5x decrease in Pfizer sera (3 weeks post-first dose: n 	False	P.3	P.3=True	de_escalated	24-Mar-2021		
D614G	g.A1841G	p.D614G			23403	S	S	MISSENSE	5	5	0						0	G=5	5	G	A	vaccine neutralization efficacy	Kuzmina et al. (2021)	https://dx.doi.org/10.1016%2Fj.chom.2021.03.008	'N501Y'	This variant showed no change in Pfizer sera (one or two dose) neutralization efficiency vs D614G (using lentivirus pseudotype).	False	P.3	P.3=True	de_escalated	24-Mar-2021		
D614G	g.A1841G	p.D614G			23403	S	S	MISSENSE	5	5	0						0	G=5	5	G	A	vaccine neutralization efficacy	Tada et al. (2021)	https://www.biorxiv.org/content/10.1101/2021.05.14.444076v1	'E484K'	Pseudotyped viruses for B.1.618 was 2.7-fold resistant to neutralization by 6 BNT162b2 vaccine sera 28 days post-booster compared to wild type - a finding that was similar to that of the 3.4-fold resistance of the South Africa B.1.351 variant using the same assay. Neutralization by 3 Moderna vaccine sera 28 days post-booster was 3-fold resistant (vs. 2.2-fold for B.1.351). The resistance of B.1.618 was caused by the E484K mutation, based on results from viruses pseudotyped for individual variants within B.1.618.	False	P.3	P.3=True	de_escalated	24-Mar-2021		
D614G	g.A1841G	p.D614G			23403	S	S	MISSENSE	5	5	0						0	G=5	5	G	A	vaccine neutralization efficacy	Zuckerman et al. (2021)	https://www.medrxiv.org/content/10.1101/2021.03.25.21253908v1	'P681H'	No significant change in virus neutralzation by 18 Pfizer two dose vaccinee sera compared to B.1.1.7. [results without including the used mutation A27S likely generalizable, as this is not a lineage defining mutation]	False	P.3	P.3=True	de_escalated	24-Mar-2021		
D614G	g.A1841G	p.D614G			23403	S	S	MISSENSE	5	5	0						0	G=5	5	G	A	vaccinee plasma binding	Gong et al. (2021)	https://www.biorxiv.org/content/10.1101/2021.08.04.455140v1	'E484K'	1.16x increase in Spike binding (relative to D614G alone) by 5 plasma collected 3 weeks after one dose of Pfizer/BioNtech BNT162b2 vaccine in previously non-seroconverted subjects.  1.06x increase in Spike binding (relative to D614G alone) by 5 plasma collected 3 weeks after one dose of Pfizer/BioNtech BNT162b2 vaccine in post-infection vaccinees.	False	P.3	P.3=True	de_escalated	24-Mar-2021		
D614G	g.A1841G	p.D614G			23403	S	S	MISSENSE	5	5	0						0	G=5	5	G	A	vaccinee plasma binding	Gong et al. (2021)	https://www.biorxiv.org/content/10.1101/2021.08.04.455140v1	'N501Y'	1.17x increase in Spike binding (relative to D614G alone) by 5 plasma collected 3 weeks after one dose of Pfizer/BioNtech BNT162b2 vaccine in previously non-seroconverted subjects.  1.09x increase in Spike binding (relative to D614G alone) by 5 plasma collected 3 weeks after one dose of Pfizer/BioNtech BNT162b2 vaccine in post-infection vaccinees.	False	P.3	P.3=True	de_escalated	24-Mar-2021		
D614G	g.A1841G	p.D614G			23403	S	S	MISSENSE	5	5	0						0	G=5	5	G	A	vaccinee plasma binding	Gong et al. (2021)	https://www.biorxiv.org/content/10.1101/2021.08.04.455140v1	'P681H'	1.14x decrease in Spike binding (relative to D614G alone) by 5 plasma collected 3 weeks after one dose of Pfizer/BioNtech BNT162b2 vaccine in previously non-seroconverted subjects.  1.11x decrease in Spike binding (relative to D614G alone) by 5 plasma collected 3 weeks after one dose of Pfizer/BioNtech BNT162b2 vaccine in post-infection vaccinees.	False	P.3	P.3=True	de_escalated	24-Mar-2021		
D614G	g.A1841G	p.D614G			23403	S	S	MISSENSE	5	5	0						0	G=5	5	G	A	viral load	Plante et al. (2020)	https://www.nature.com/articles/s41586-020-2895-3		Hamsters infected with SARS-CoV-2 expressing spike(D614G) (G614 virus) produced higher infectious titres in nasal washes and the trachea, but not in the lungs,  supporting clinical evidence showing that the mutation enhances viral loads in the upper respiratory tract of COVID-19 patients and may increase transmission.	False	P.3	P.3=True	de_escalated	24-Mar-2021		
D614G	g.A1841G	p.D614G			23403	S	S	MISSENSE	5	5	0						0	G=5	5	G	A	virion structure	Spratt et al. (2021)	https://www.biorxiv.org/content/10.1101/2021.03.24.436850v1		Estimated free energy change (ddG) for this variant is 2.5 kcal/mol (i.e. stabilizing relative to wild type) 	False	P.3	P.3=True	de_escalated	24-Mar-2021		
D614G	g.A1841G	p.D614G			23403	S	S	MISSENSE	5	5	0						0	G=5	5	G	A	virion structure	Weissman et al. (2020)	https://www.medrxiv.org/content/10.1101/2020.07.22.20159905v2		"Negative stain EM shows increased proportion of ""one-up"" trimer conformation of Spike proteins on the surface of virions, where the up  conformation is presumed to be more likely to bind ACE2."	False	P.3	P.3=True	de_escalated	24-Mar-2021		
D614G	g.A1841G	p.D614G			23403	S	S	MISSENSE	5	5	0						0	G=5	5	G	A	virion structure	Yurkovetskiy et al. (2020)	https://www.ncbi.nlm.nih.gov/pmc/articles/PMC7492024/		"CryoEM shows increased proportion of ""one-up"" trimer conformation of Spike proteins on the surface of virions, where the up  conformation is presumed to be more likely to bind ACE2."	False	P.3	P.3=True	de_escalated	24-Mar-2021		
D614G	g.A1841G	p.D614G			23403	S	S	MISSENSE	5	5	0						0	G=5	5	G	A	virion structure	Zhang et al. (2020)	https://www.nature.com/articles/s41467-020-19808-4		Based on pseudotyped virus experiments, D614G may increase infectivity by assembling more functional S protein into the virion.	False	P.3	P.3=True	de_escalated	24-Mar-2021		
E1092K	g.G3274A	p.E1092K			24836	S	S	MISSENSE	5	5	0						0	A=5	5	A	G						False	P.3	P.3=True	de_escalated	24-Mar-2021		
E484K	g.G1450A	p.E484K			23012	S	S	MISSENSE	5	5	0						0	A=5	5	A	G	ACE2 receptor binding affinity	Barton et al. (2021)	https://www.biorxiv.org/content/10.1101/2021.05.18.444646v1	'N501Y'	In the case of VOC B.1.1.7+E484K, the addition of the E484K mutation to N501Y further increased the affinity, to ~15 fold higher than WT RBD (KD ~5 nM), by further increasing the k(on) as measured by surface plasmon resonance. Because the higher k(on) could result in mass transfer limiting binding, we confirmed that the kinetic measurement for this variant was not substantially affected by varying levels of immobilization.	False	P.3	P.3=True	de_escalated	24-Mar-2021		
E484K	g.G1450A	p.E484K			23012	S	S	MISSENSE	5	5	0						0	A=5	5	A	G	ACE2 receptor binding affinity	Collier et al. (2021)	https://www.nature.com/articles/s41586-021-03412-7		This combination showed ~3x increase binding to ACE2 vs wild type, about half that of the B.1.1.7 lineage, suggesting that the K417N mutation is slightly detrimental to ACE2 binding, probably as a result of disrupting the salt bridge formed with ACE2 residue D30	False	P.3	P.3=True	de_escalated	24-Mar-2021		
E484K	g.G1450A	p.E484K			23012	S	S	MISSENSE	5	5	0						0	A=5	5	A	G	ACE2 receptor binding affinity	Gong et al. (2021)	https://www.biorxiv.org/content/10.1101/2021.08.04.455140v1	'D614G'	This variant appears twice in the experiments, with slightly different affinities (both ~1.2x decrease in binding relative to D614G)  using flow cytometry and ACE2 ectodomains-Fc portion IgG complex.	False	P.3	P.3=True	de_escalated	24-Mar-2021		
E484K	g.G1450A	p.E484K			23012	S	S	MISSENSE	5	5	0						0	A=5	5	A	G	ACE2 receptor binding affinity	Laffeber et al. (2021)	https://www.biorxiv.org/content/10.1101/2021.02.22.432357v1		RBD containing the N501Y mutation results in 9-fold stronger binding to the hACE2 receptor than  wild type RBD. The E484K mutation does not significantly influence the affinity for the receptor,  while K417N attenuates affinity. As a result, RBD from B.1.351 containing all three mutations binds  3-fold stronger to hACE2 than wild type RBD but 3-fold weaker than N501Y.	False	P.3	P.3=True	de_escalated	24-Mar-2021		
E484K	g.G1450A	p.E484K			23012	S	S	MISSENSE	5	5	0						0	A=5	5	A	G	ACE2 receptor binding affinity	Liu et al. (2021)	https://www.biorxiv.org/content/10.1101/2021.02.16.431305v1		Studying the key covariants in lineage of concern 501Y.V2,  observed about 2-fold increase in ACE2 binding vs wildtype, but greatly decreased mAb binding, suggesting evolutionary optimum tension between  immune evasion and ACE2 binding affinity as the N501Y variant alone has 10x increase in affinity but no effect on tested mAb binding.	False	P.3	P.3=True	de_escalated	24-Mar-2021		
E484K	g.G1450A	p.E484K			23012	S	S	MISSENSE	5	5	0						0	A=5	5	A	G	ACE2 receptor binding affinity	Ramanathan et al. (2021)	https://www.biorxiv.org/content/10.1101/2021.02.22.432359v1		Using Mircoscale Thermopheresis, the B.1.351 variant harboring three mutations, binds ACE2 at nearly  five-fold greater affinity than the original SARS-COV-2 RBD (Kd 87.6, vs 402.5 nM).	False	P.3	P.3=True	de_escalated	24-Mar-2021		
E484K	g.G1450A	p.E484K			23012	S	S	MISSENSE	5	5	0						0	A=5	5	A	G	ACE2 receptor binding affinity	Starr et al. (2020)	https://doi.org/10.1016/j.cell.2020.08.012		Experimentally, ACE2 binding affinity increased 0.06 fold	False	P.3	P.3=True	de_escalated	24-Mar-2021		
E484K	g.G1450A	p.E484K			23012	S	S	MISSENSE	5	5	0						0	A=5	5	A	G	ACE2 receptor binding affinity	Tian et al. (2021)	https://www.biorxiv.org/content/10.1101/2021.02.14.431117v2		Reported moderate increase in affinity compared to wild-type RBD on the cell surface (Kd 	False	P.3	P.3=True	de_escalated	24-Mar-2021		
E484K	g.G1450A	p.E484K			23012	S	S	MISSENSE	5	5	0						0	A=5	5	A	G	ACE2 receptor binding affinity	Tian et al. (2021)	https://www.biorxiv.org/content/10.1101/2021.02.14.431117v2		Reported slight increase in affinity compared to wild-type RBD on the cell surface (Kd 	False	P.3	P.3=True	de_escalated	24-Mar-2021		
E484K	g.G1450A	p.E484K			23012	S	S	MISSENSE	5	5	0						0	A=5	5	A	G	ACE2 receptor binding affinity	Vogel et al. (2021)	https://www.biorxiv.org/content/10.1101/2021.03.04.433887v1		The affinity of ACE2 for this mutation combination was twice as high as for wild type. Having in mind that the affinity of SARS-CoV-2 for ACE2 is only 4-fold higher compared to SARS-CoV-1, this factor of 2 is expected to be biologically significant.	False	P.3	P.3=True	de_escalated	24-Mar-2021		
E484K	g.G1450A	p.E484K			23012	S	S	MISSENSE	5	5	0						0	A=5	5	A	G	ACE2 receptor binding affinity	Zahradnik et al. (2021)	https://www.biorxiv.org/content/10.1101/2021.01.06.425392		Among the first selected variants in an in vitro evolution experiment for ACE2 binding.	False	P.3	P.3=True	de_escalated	24-Mar-2021		
E484K	g.G1450A	p.E484K			23012	S	S	MISSENSE	5	5	0						0	A=5	5	A	G	T cell evasion	Reynolds et al. (2021)	https://science.sciencemag.org/content/early/2021/04/29/science.abh1282		Analyzing responses to the E484K mutation seen in B.1.351 and P.1 variants, we noted that it did  not fall in a region predicted to bind the HLAII alleles tested (table S4). The mutation appeared  to have no substantial or differential impact on T cell responses.	False	P.3	P.3=True	de_escalated	24-Mar-2021		
E484K	g.G1450A	p.E484K			23012	S	S	MISSENSE	5	5	0						0	A=5	5	A	G	antibody epitope effects	Chen et al. (2021)	https://www.nature.com/articles/s41591-021-01294-w		Ablates Class 1 receptor-binding-motif targeting antibodies COV2-2050, 1B07, COVOX-384 and S2H58.	False	P.3	P.3=True	de_escalated	24-Mar-2021		
E484K	g.G1450A	p.E484K			23012	S	S	MISSENSE	5	5	0						0	A=5	5	A	G	antibody epitope effects	Chen et al. (2021)	https://www.nature.com/articles/s41591-021-01294-w 	'N501Y'	Ablates Class 1 receptor-binding-motif targeting antibodies COV2-2050, 1B07, COVOX-384, and S2H58. Ablates Class 3 N-terminal domain targeting antibody COV2-2489, diminishes COV2-2676.	False	P.3	P.3=True	de_escalated	24-Mar-2021		
E484K	g.G1450A	p.E484K			23012	S	S	MISSENSE	5	5	0						0	A=5	5	A	G	antibody epitope effects	Collier et al. (2021)	https://www.nature.com/articles/s41586-021-03412-7		Of 50 mAbs tested, major loss of neutralization observed for S2N28, S2X615, S2N12, S2X192, S2H7, S2X16, S2X58, S2H70, S2X613, S2D19, S2N22, S2D32, S2H58, S2M11, S2D106, S2X30.	False	P.3	P.3=True	de_escalated	24-Mar-2021		
E484K	g.G1450A	p.E484K			23012	S	S	MISSENSE	5	5	0						0	A=5	5	A	G	antibody epitope effects	Gaebler et al. (2021)	https://www.biorxiv.org/content/10.1101/2020.11.03.367391v2		Ablates binding by class 2 mAbs such as C144 that directly interfere with ACE2 binding,  but clonal somatic mutations of memory B cells at 6.2 months (evolving humoral immune response)  show pronounced increase in binding to the variant. 	False	P.3	P.3=True	de_escalated	24-Mar-2021		
E484K	g.G1450A	p.E484K			23012	S	S	MISSENSE	5	5	0						0	A=5	5	A	G	antibody epitope effects	Li et al. (2021)	https://www.biorxiv.org/content/10.1101/2021.04.19.440481v1		Monoclonal antibodies 13G9 and 58G6 maintain fairly high neutralization potency, compared to others interfacing with E484K.	False	P.3	P.3=True	de_escalated	24-Mar-2021		
E484K	g.G1450A	p.E484K			23012	S	S	MISSENSE	5	5	0						0	A=5	5	A	G	antibody epitope effects	Liu et al. (2020)	https://www.biorxiv.org/content/10.1101/2020.11.06.372037v2		Mutant screen in neutralization assay with a broad range of monoclonal antibodies shows high resistence to 4 antibodies,  and broad low level resistence against much of the rest of the panel.	False	P.3	P.3=True	de_escalated	24-Mar-2021		
E484K	g.G1450A	p.E484K			23012	S	S	MISSENSE	5	5	0						0	A=5	5	A	G	antibody epitope effects	Rappazzo et al. (2021)	https://science.sciencemag.org/content/371/6531/823		Massive reduction in binding efficiency vs wild type for mAb LY-CoV555.	False	P.3	P.3=True	de_escalated	24-Mar-2021		
E484K	g.G1450A	p.E484K			23012	S	S	MISSENSE	5	5	0						0	A=5	5	A	G	antibody epitope effects	Sun et al. (2021)	https://www.biorxiv.org/content/10.1101/2021.03.22.436481v1		Complete loss of binding in ELISA by the variant against monoclonal antibody VH-Fc ab8	False	P.3	P.3=True	de_escalated	24-Mar-2021		
E484K	g.G1450A	p.E484K			23012	S	S	MISSENSE	5	5	0						0	A=5	5	A	G	antibody epitope effects	Wang et al. (2021)	https://www.nature.com/articles/s41586-021-03398-2		Pseudotyped virus model ablates neutralization by RBD-directed mAbs 4-20, 2-4, 2-43, 2-30, 2-15, LY-Cov555, C121. Pseudotyped virus model impairs neutralization by RBD-directed mAb COV2-2196 (somewhat more than fully pseudotyped B.1.351 or live virus)	False	P.3	P.3=True	de_escalated	24-Mar-2021		
E484K	g.G1450A	p.E484K			23012	S	S	MISSENSE	5	5	0						0	A=5	5	A	G	antibody epitope effects	Wang et al. (2021)	https://www.biorxiv.org/content/10.1101/2021.01.15.426911v2		Resistent to all seven class 2 (Spike 'up' or 'down' conformation, RBD targeting) antibodies tested, with 10-fold  or greater reduction in neutralization (plus notable reudction in two unclassfied mAbs).	False	P.3	P.3=True	de_escalated	24-Mar-2021		
E484K	g.G1450A	p.E484K			23012	S	S	MISSENSE	5	5	0						0	A=5	5	A	G	convalescent plasma binding	Gong et al. (2021)	https://www.biorxiv.org/content/10.1101/2021.08.04.455140v1	'D614G'	1.42x increase in Spike binding (relative to D614G alone) by 5 plasma collected 8 months post-symptom-onset.	False	P.3	P.3=True	de_escalated	24-Mar-2021		
E484K	g.G1450A	p.E484K			23012	S	S	MISSENSE	5	5	0						0	A=5	5	A	G	convalescent plasma escape	Alenquer et al. (2021)	https://www.biorxiv.org/content/10.1101/2021.04.22.441007v1		Average ~5-fold reduction in neutralization efficacy in convalescent sera of 16 health workers infected in Spring 2020.	False	P.3	P.3=True	de_escalated	24-Mar-2021		
E484K	g.G1450A	p.E484K			23012	S	S	MISSENSE	5	5	0						0	A=5	5	A	G	convalescent plasma escape	Andreano et al. (2020)	https://www.biorxiv.org/content/10.1101/2020.12.28.424451		This mutation occurred in 100% of sequenced virions after 12 passages and led to a 4-fold decrease in convalescent plasma neutralization activity	False	P.3	P.3=True	de_escalated	24-Mar-2021		
E484K	g.G1450A	p.E484K			23012	S	S	MISSENSE	5	5	0						0	A=5	5	A	G	convalescent plasma escape	Cele et al. (2021)	https://www.krisp.org.za/manuscripts/MEDRXIV-2021-250224v1-Sigal.pdf		The 501Y.V2 to first wave IC50 ratio ranged from 6 to 200-fold. Averaging across all 7 participant convalescent sera highlighted the dramatic decrease in sensitivity to neutralization of authentic 501Y.V2 variants. PG: I'm purposefully ignoring D614G and A701V as contributors	False	P.3	P.3=True	de_escalated	24-Mar-2021		
E484K	g.G1450A	p.E484K			23012	S	S	MISSENSE	5	5	0						0	A=5	5	A	G	convalescent plasma escape	Chen et al. (2021)	https://www.nature.com/articles/s41591-021-01294-w 	'N501Y'	In 19 convalescent human sera ~1mo post infection had mild to moderate resistence against all samples. 	False	P.3	P.3=True	de_escalated	24-Mar-2021		
E484K	g.G1450A	p.E484K			23012	S	S	MISSENSE	5	5	0						0	A=5	5	A	G	convalescent plasma escape	Liu et al. (2021)	https://www.biorxiv.org/content/10.1101/2020.11.06.372037v2		Remarkably, several of the E484 escape mutants were resistant to neutralization at the highest concentration (1:80 initial dilution) of all 4 convalescent sera tested (triplicate experiments). Against a wider panel of 16 convalescent plasma (no replicates), all but one show major resistance.	False	P.3	P.3=True	de_escalated	24-Mar-2021		
E484K	g.G1450A	p.E484K			23012	S	S	MISSENSE	5	5	0						0	A=5	5	A	G	convalescent plasma escape	Schmidt et al. (2021)	https://www.biorxiv.org/content/10.1101/2021.08.06.455491v1		Escape mutant found after in passage in plasma pool of 26 convalescents mean 1.5 post symptom onset.	False	P.3	P.3=True	de_escalated	24-Mar-2021		
E484K	g.G1450A	p.E484K			23012	S	S	MISSENSE	5	5	0						0	A=5	5	A	G	convalescent plasma escape	Tada et al. (2021)	https://www.biorxiv.org/content/10.1101/2021.02.05.430003v1		The only mutation in the B.1.351 lineage that appears to contribute to neutralization reduction (~1.7x across 10 convalescent sera from April 2020 infectees)	False	P.3	P.3=True	de_escalated	24-Mar-2021		
E484K	g.G1450A	p.E484K			23012	S	S	MISSENSE	5	5	0						0	A=5	5	A	G	convalescent plasma escape	Tada et al. (2021)	https://www.biorxiv.org/content/10.1101/2021.05.14.444076v1	'D614G'	Pseudotyped viruses for B.1.618 was 2.5-fold resistant to neutralization by convalescent sera compared to wild type - a finding that was similar to that of the 3-fold resistance of the South Africa B.1.351 variant using the same assay. The resistance of B.1.618 was caused by the E484K mutation, based on results from viruses pseudotyped for individual variants within B.1.618. [details on the convalescent patient sera collection are not abundantly clear in the preprint]	False	P.3	P.3=True	de_escalated	24-Mar-2021		
E484K	g.G1450A	p.E484K			23012	S	S	MISSENSE	5	5	0						0	A=5	5	A	G	convalescent plasma escape	Tang et al. (2021)	https://www.biorxiv.org/content/10.1101/2021.03.19.436183v1		As measured by surface plasmon resonance, RBD with the E484K mutation alone showed a mean 19.1x decrease in binding affinity for  six batches of hyperimmune immunoglobulin (hCoV-2IG) preparations generated from SARS-CoV-2 convalescent plasma.	False	P.3	P.3=True	de_escalated	24-Mar-2021		
E484K	g.G1450A	p.E484K			23012	S	S	MISSENSE	5	5	0						0	A=5	5	A	G	convalescent plasma escape	Wang et al. (2021)	https://www.nature.com/articles/s41586-021-03398-2		The neutralizing activity of 15/20 convalescent sera was significantly lower against this pseudotyped virus model	False	P.3	P.3=True	de_escalated	24-Mar-2021		
E484K	g.G1450A	p.E484K			23012	S	S	MISSENSE	5	5	0						0	A=5	5	A	G	convalescent plasma escape	Wibmer et al. (2021)	https://doi.org/10.1101/2021.01.18.427166		"27% of 44 early pandemic exposure convalescent plasma/sera lose all activity against a RBD triple mutant pseudovirus (RBD mutatants of the 501Y.V2 ""South African"" lineage), while only 23% retained high titres "	False	P.3	P.3=True	de_escalated	24-Mar-2021		
E484K	g.G1450A	p.E484K			23012	S	S	MISSENSE	5	5	0						0	A=5	5	A	G	convalescent plasma escape	Wibmer et al. (2021)	https://doi.org/10.1101/2021.01.18.427166		"Nearly half (21 of 44, 48%) of early pandemic exposure convalescent plasma/sera failed to neutralize the 501Y.V2 (""South African"") lineage pseudovirus construct Only 3 of 44 convascent sera (those with the highest titer, which correlated direectly with initial infection severity) had high neutralization against this 501Y.V2  PG: note that lineage variant R246I was excluded from the text in reference to these sera assays, not sure if that was an oversight."	False	P.3	P.3=True	de_escalated	24-Mar-2021		
E484K	g.G1450A	p.E484K			23012	S	S	MISSENSE	5	5	0						0	A=5	5	A	G	convalescent plasma escape	Zhou et al. (2021)	https://www.biorxiv.org/content/10.1101/2021.03.24.436620v1		"Subtype of the B.1.526 ""New York"" lineage, lentivirus pseudotyped with this mutation combination in showed 3.3x reduction in  IC50 serum dilution concentration for 6 convalescent sera."	False	P.3	P.3=True	de_escalated	24-Mar-2021		
E484K	g.G1450A	p.E484K			23012	S	S	MISSENSE	5	5	0						0	A=5	5	A	G	monoclonal antibody serial passage escape	Barnes et al. (2020)	https://www.nature.com/articles/s41586-020-2852-1_reference.pdf?origin		The engineered mutation cause 10-fold or more increase in the disassociation constant with many monoclonal antibodies (C144/C002/C121/C104/C110).	False	P.3	P.3=True	de_escalated	24-Mar-2021		
E484K	g.G1450A	p.E484K			23012	S	S	MISSENSE	5	5	0						0	A=5	5	A	G	monoclonal antibody serial passage escape	Baum et al. (2020)	http://dx.doi.org/10.1126/science.abd0831		Escape variant 100% appearance in 2 passages against Regeneron monoclonal antibody REGN10989 @ 50ug/mL (99% after one passage)	False	P.3	P.3=True	de_escalated	24-Mar-2021		
E484K	g.G1450A	p.E484K			23012	S	S	MISSENSE	5	5	0						0	A=5	5	A	G	monoclonal antibody serial passage escape	Greaney et al. (2020)	https://doi.org/10.1016/j.chom.2020.11.007		Mildly effective mutant against this position in the RBD for highly neutralizing COV2-2479 monoclonal antibody Effective mutant against this position in the RBD for highly neutralizing COV2-2050 monoclonal antibody	False	P.3	P.3=True	de_escalated	24-Mar-2021		
E484K	g.G1450A	p.E484K			23012	S	S	MISSENSE	5	5	0						0	A=5	5	A	G	monoclonal antibody serial passage escape	Starr et al. (2021)	https://www.biorxiv.org/content/10.1101/2021.02.17.431683v1		Escape mutation against monoclonal antibody LY-CoV555 (antibody that forms the basis for Eli Lilly's bamlanivimab)	False	P.3	P.3=True	de_escalated	24-Mar-2021		
E484K	g.G1450A	p.E484K			23012	S	S	MISSENSE	5	5	0						0	A=5	5	A	G	monoclonal antibody serial passage escape	Wang et al. (2021)	https://www.biorxiv.org/content/10.1101/2021.01.15.426911v2		Class 2 antibodies C627, C602, C671, C643, and class 2/3 antibody C603 selected for the emergence of the E484K mutation in vitro.	False	P.3	P.3=True	de_escalated	24-Mar-2021		
E484K	g.G1450A	p.E484K			23012	S	S	MISSENSE	5	5	0						0	A=5	5	A	G	monoclonal antibody serial passage escape	Weisblum et al. (2020)	https://www.biorxiv.org/content/10.1101/2020.07.21.214759v1.full.pdf		Strong positive selection (up to 50% of supernatant sequences) after C121 monoclonal antibody assay, decreasing in subsequent passages Strong positive selection (up to 44% of supernatant sequences) after after one round of C144 monoclonal antibody passage, then waning on subsequent passages	False	P.3	P.3=True	de_escalated	24-Mar-2021		
E484K	g.G1450A	p.E484K			23012	S	S	MISSENSE	5	5	0						0	A=5	5	A	G	pharmaceutical effectiveness	Engelhart et al. (2021)	https://www.biorxiv.org/content/10.1101/2021.04.27.440939v1		Bamlanivimab (LY-CoV555) lost ~16x binding against this isolated mutation. Casirivimab lost ~16x binding against this isolated mutation.	False	P.3	P.3=True	de_escalated	24-Mar-2021		
E484K	g.G1450A	p.E484K			23012	S	S	MISSENSE	5	5	0						0	A=5	5	A	G	pharmaceutical effectiveness	Engelhart et al. (2021)	https://www.biorxiv.org/content/10.1101/2021.04.27.440939v1		Tixagevimab, Regdanvimab and COR-101 display reduced binding affinity to virus pseudotyped as RBD from B.1.351.	False	P.3	P.3=True	de_escalated	24-Mar-2021		
E484K	g.G1450A	p.E484K			23012	S	S	MISSENSE	5	5	0						0	A=5	5	A	G	pharmaceutical effectiveness	Engelhart et al. (2021)	https://www.biorxiv.org/content/10.1101/2021.04.27.440939v1	'N501Y'	Bamlanivimab (LY-CoV555) lost ~64x binding against this double mutation. COR-101 lost ~50x binding against this double mutation. Casirivimab lost ~250x binding against this double mutation. Estesevimab lost ~16x binding against this double mutation. Regdanvimab lost ~32x binding against this double mutation. Tixagevimab lost ~10x binding against this double mutation.	False	P.3	P.3=True	de_escalated	24-Mar-2021		
E484K	g.G1450A	p.E484K			23012	S	S	MISSENSE	5	5	0						0	A=5	5	A	G	pharmaceutical effectiveness	Liu et al. (2021)	https://www.biorxiv.org/content/10.1101/2021.02.16.431305v1		This mutated version of RBD completely abolishes the binding to a therapeutic antibody, Bamlanivimab, in vitro.	False	P.3	P.3=True	de_escalated	24-Mar-2021		
E484K	g.G1450A	p.E484K			23012	S	S	MISSENSE	5	5	0						0	A=5	5	A	G	syncytium formation	Kim et al. (2021)	https://dx.doi.org/10.3390%2Fv13040633	'N501Y', 'D614G'	~50% Vero cell-cell membrane fusion assay under infection with VSV pseudotyped virus relative to wild type, signficantly higher than D614G.	False	P.3	P.3=True	de_escalated	24-Mar-2021		
E484K	g.G1450A	p.E484K			23012	S	S	MISSENSE	5	5	0						0	A=5	5	A	G	trafficking	Ferriera et al (2021)	https://www.biorxiv.org/content/10.1101/2021.05.08.443253v1		This variant alone shows a ~5x decrease in cell entry efficiency (RLU measurement in 293T cells) compared to D614G. 	False	P.3	P.3=True	de_escalated	24-Mar-2021		
E484K	g.G1450A	p.E484K			23012	S	S	MISSENSE	5	5	0						0	A=5	5	A	G	trafficking	Kim et al. (2021)	https://dx.doi.org/10.3390%2Fv13040633	'N501Y', 'D614G'	More efficient infectivity (24h) compared to wild type, in Caco-2 cells ~11x, Vero ~10x, and Calu-3 ~11x. Compare to wild type at ~5x across cell types.	False	P.3	P.3=True	de_escalated	24-Mar-2021		
E484K	g.G1450A	p.E484K			23012	S	S	MISSENSE	5	5	0						0	A=5	5	A	G	trafficking	Kim et al. (2021)	https://dx.doi.org/10.3390%2Fv13040633	'N501Y', 'D614G'	~6x more efficient S2 domain cleavage compared to wild type, compared to 4x by D614G alone in Caco-2 cells, mid-range of three cell line tested (Vero and Calu-3). [N501Y+D614G does not show an increase in cleavage, therefore a synergistic effect of the trio is implied]	False	P.3	P.3=True	de_escalated	24-Mar-2021		
E484K	g.G1450A	p.E484K			23012	S	S	MISSENSE	5	5	0						0	A=5	5	A	G	trafficking	Kuzmina et al. (2021)	https://dx.doi.org/10.1016%2Fj.chom.2021.03.008	'D614G'	~2x more infectivity than D614G alone in HEK293T-ACE2 cells 48h post-transduction.	False	P.3	P.3=True	de_escalated	24-Mar-2021		
E484K	g.G1450A	p.E484K			23012	S	S	MISSENSE	5	5	0						0	A=5	5	A	G	trafficking	Kuzmina et al. (2021)	https://dx.doi.org/10.1016%2Fj.chom.2021.03.008	'N501Y', 'D614G'	~12x more infectivity than D614G alone in HEK293T-ACE2 cells 48h post-transduction (~additive effects of 501 and 484).	False	P.3	P.3=True	de_escalated	24-Mar-2021		
E484K	g.G1450A	p.E484K			23012	S	S	MISSENSE	5	5	0						0	A=5	5	A	G	trafficking	Tada et al. (2021)	https://www.biorxiv.org/content/10.1101/2021.02.05.430003v1		Lentiviral pseudotyped with this individual mutation from B.1.351 was tested on ACE2.293T cells. Luciferase activity was measured two days postinfection,  showing no change in infection rate amongst the cells.	False	P.3	P.3=True	de_escalated	24-Mar-2021		
E484K	g.G1450A	p.E484K			23012	S	S	MISSENSE	5	5	0						0	A=5	5	A	G	vaccine neutralization efficacy	Chen et al. (2021)	https://www.nature.com/articles/s41591-021-01294-w	'N501Y'	The neutralizing activity of vaccine was slightly to significantly lower against this variant combination in sera from all 24 patients with  the BNT162b2 mRNA vaccine. (Fig. 4) [In stark contrast to this combination plus K417N, which had no effect (P<0.0001 vs. P	False	P.3	P.3=True	de_escalated	24-Mar-2021		
E484K	g.G1450A	p.E484K			23012	S	S	MISSENSE	5	5	0						0	A=5	5	A	G	vaccine neutralization efficacy	Ferreira et al. (2021)	https://www.biorxiv.org/content/10.1101/2021.05.08.443253v1		Nine stored sera from Pfizer BNT162b2 vaccinees were tested against a range of spike mutation bearing PV. E484K conferred a ten-fold reduction in neutralisation by vaccine sera.	False	P.3	P.3=True	de_escalated	24-Mar-2021		
E484K	g.G1450A	p.E484K			23012	S	S	MISSENSE	5	5	0						0	A=5	5	A	G	vaccine neutralization efficacy	Garcia-Beltran et al. (2021)	https://doi.org/10.1016/j.cell.2021.03.013	'D614G', 'V1176F'	Pseudotyped P.2 virus has reduced neutralization activity vs wild type: 5.8x (30 sera Pfizer median 9 days post 2nd dose)  and 2.9x (35 sera Moderna median 18 days post 2nd dose). This was significant by ANOVA.	False	P.3	P.3=True	de_escalated	24-Mar-2021		
E484K	g.G1450A	p.E484K			23012	S	S	MISSENSE	5	5	0						0	A=5	5	A	G	vaccine neutralization efficacy	Ikegame et al. (2021)	https://dx.doi.org/10.21203%2Frs.3.rs-400230%2Fv1		E484K pseudotyped VSV was tested for neutralization in a clonal HEK-293T ACE2 TMPRSS2 cell line optimized for highly efficient  S-mediated infection. A cohort of 12 Argentinian recipients of the Gamaleya Sputnik V Ad26 / Ad5 vaccine  showed a mean 2.8x decrease in neutralization effiacacy.	False	P.3	P.3=True	de_escalated	24-Mar-2021		
E484K	g.G1450A	p.E484K			23012	S	S	MISSENSE	5	5	0						0	A=5	5	A	G	vaccine neutralization efficacy	Jangra et al. (2021)	https://doi.org/10.1016/S2666-5247(21		Human sera from 5 two-dose Pfizer vaccinated individuals (47-68 days post 1st-dose) neutralized this variant 3.4x less relative to reference  USA-WA1/2020 strain. 8 convalescent plasma with weak IgG ELISA titre neutralized this variant 2.4x less relative to reference  USA-WA1/2020 strain. One plasma failed to neutralize at all. 11 convalescent plasma with moderate IgG ELISA titre neutralized this variant 4.2x less relative to reference  USA-WA1/2020 strain.  11 convalescent plasma with high IgG ELISA titre neutralized this variant 2.6x less relative to reference  USA-WA1/2020 strain. 	False	P.3	P.3=True	de_escalated	24-Mar-2021		
E484K	g.G1450A	p.E484K			23012	S	S	MISSENSE	5	5	0						0	A=5	5	A	G	vaccine neutralization efficacy	Kuzmina et al. (2021)	https://dx.doi.org/10.1016%2Fj.chom.2021.03.008	'D614G'	This variant showed only minor in Pfizer sera (one or two dose) neutralization efficiency vs D614G (using lentivirus pseudotype).	False	P.3	P.3=True	de_escalated	24-Mar-2021		
E484K	g.G1450A	p.E484K			23012	S	S	MISSENSE	5	5	0						0	A=5	5	A	G	vaccine neutralization efficacy	Kuzmina et al. (2021)	https://dx.doi.org/10.1016%2Fj.chom.2021.03.008	'N501Y', 'D614G'	This variant showed >5x decrease in Pfizer sera (3 weeks post-first dose: n 	False	P.3	P.3=True	de_escalated	24-Mar-2021		
E484K	g.G1450A	p.E484K			23012	S	S	MISSENSE	5	5	0						0	A=5	5	A	G	vaccine neutralization efficacy	Solfrosi et al. (2021)	https://doi.org/10.1084/jem.20202756		Neutralizing antibody titers of non-human primate sera after one or two doses of Ad26.COV2.S (Jannsen vaccine)  against the variants containing the E484K substitution in the RBD were present but reduced  (fold reduction between 3.35–7.78, 95% confidence interval all above twofold difference, one-sample t test). 	False	P.3	P.3=True	de_escalated	24-Mar-2021		
E484K	g.G1450A	p.E484K			23012	S	S	MISSENSE	5	5	0						0	A=5	5	A	G	vaccine neutralization efficacy	Tada et al. (2021)	https://www.biorxiv.org/content/10.1101/2021.05.14.444076v1	'D614G'	Pseudotyped viruses for B.1.618 was 2.7-fold resistant to neutralization by 6 BNT162b2 vaccine sera 28 days post-booster compared to wild type - a finding that was similar to that of the 3.4-fold resistance of the South Africa B.1.351 variant using the same assay. Neutralization by 3 Moderna vaccine sera 28 days post-booster was 3-fold resistant (vs. 2.2-fold for B.1.351). The resistance of B.1.618 was caused by the E484K mutation, based on results from viruses pseudotyped for individual variants within B.1.618.	False	P.3	P.3=True	de_escalated	24-Mar-2021		
E484K	g.G1450A	p.E484K			23012	S	S	MISSENSE	5	5	0						0	A=5	5	A	G	vaccine neutralization efficacy	Wang et al. (2021)	https://www.biorxiv.org/content/10.1101/2021.01.15.426911v2		In a cohort of 20 patients 8+ weeks after second vaccine dose of Moderna (mRNA-1273) or Pfizer-BioNTech (BNT162b2) vaccines,  ELISA tests show 10x reduced efficacy of a majority of isolated antibodies, but only a modest decrease for vaccine plasma overall.	False	P.3	P.3=True	de_escalated	24-Mar-2021		
E484K	g.G1450A	p.E484K			23012	S	S	MISSENSE	5	5	0						0	A=5	5	A	G	vaccine neutralization efficacy	Xie et al. (2021)	https://www.nature.com/articles/s41591-021-01270-4	'N501Y'	In 20 sera from BNT162b2 mRNA vaccine inoculated participants, 6 displayed mild (2x) reductions in neutralization. This variant combination showed the highest reduction, but the magnitude of the differences was small  compared to the >4x differences in HA-inhibition titers that have been used to signal potential need for a strain change in influenza vaccines.	False	P.3	P.3=True	de_escalated	24-Mar-2021		
E484K	g.G1450A	p.E484K			23012	S	S	MISSENSE	5	5	0						0	A=5	5	A	G	vaccinee plasma binding	Gong et al. (2021)	https://www.biorxiv.org/content/10.1101/2021.08.04.455140v1	'D614G'	1.16x increase in Spike binding (relative to D614G alone) by 5 plasma collected 3 weeks after one dose of Pfizer/BioNtech BNT162b2 vaccine in previously non-seroconverted subjects.  1.06x increase in Spike binding (relative to D614G alone) by 5 plasma collected 3 weeks after one dose of Pfizer/BioNtech BNT162b2 vaccine in post-infection vaccinees.	False	P.3	P.3=True	de_escalated	24-Mar-2021		
E484K	g.G1450A	p.E484K			23012	S	S	MISSENSE	5	5	0						0	A=5	5	A	G	virion structure	Spratt et al. (2021)	https://www.biorxiv.org/content/10.1101/2021.03.24.436850v1		Estimated free energy change (ddG) for this variant is -0.6 kcal/mol (i.e. destabilizing relative to wild type) 	False	P.3	P.3=True	de_escalated	24-Mar-2021		
F924F	g.C2772T	p.F924F			3037	ORF1ab	ORF1a	SILENT	5	5	0			nsp3	former nsp1, conserved domains are: N-terminal acidic (Ac), predicted phosphoesterase, papain-like proteinase, Y-domain, transmembrane domain 1 (TM1), adenosine diphosphate-ribose 1''-phosphatase (ADRP), produced by both pp1a and pp1ab		0	T=5	5	T	C						False	P.3	P.3=True	de_escalated	24-Mar-2021		
G593G	g.T1779C	p.G593G			23341	S	S	SILENT	5	5	0						0	C=5	5	C	T						False	P.3	P.3=True	de_escalated	24-Mar-2021		
H1101Y	g.C3301T	p.H1101Y			24863	S	S	MISSENSE	5	5	0						0	T=5	5	T	C						False	P.3	P.3=True	de_escalated	24-Mar-2021		
K2Q	g.A4C	p.K2Q			27897	ORF8	ORF8	MISSENSE	5	5	0						0	C=5	5	C	A						False	P.3	P.3=True	de_escalated	24-Mar-2021		
K6080R	g.A18239G	p.K6080R			18503	ORF1ab	ORF1b	MISSENSE	5	5	0			3'-to-5' exonuclease	nsp14A2_ExoN and nsp14B_NMT, produced by pp1ab only		3	G=2	2	G	A						False	P.3	P.3=False	de_escalated	24-Mar-2021		
L141_V143del	g.422_430delTGGGTGTTT	p.L141_V143del			21980	S	S		5	5	0						0	TTTTAT=3	3	TTTTAT	TTTTTGGGTGTTTAT						False	P.3	P.3=False	de_escalated	24-Mar-2021		
L141_Y144del	g.422_433delTGGGTGTTTATT	p.L141_Y144del			21980	S	S		5	5	0						0	TTT=2	2	TTT	TTTTTGGGTGTTTAT						False	P.3	P.3=False	de_escalated	24-Mar-2021		
L3201P	g.T9602C	p.L3201P			9867	ORF1ab	ORF1a	MISSENSE	5	5	0			nsp4	nsp4B_TM, contains transmembrane domain 2 (TM2), produced by both pp1a and pp1ab		0	C=5	5	C	T						False	P.3	P.3=True	de_escalated	24-Mar-2021		
L3930F	g.CAAGC11784_11788TAAGT	p.L3930F			12049	ORF1ab	ORF1a		5	5	0			nsp7	produced by both pp1a and pp1ab		0	TAAGT=5	5	TAAGT	CAAGC						False	P.3	P.3=True	de_escalated	24-Mar-2021		
L5604F	g.C16810T	p.L5604F			17074	ORF1ab	ORF1b	MISSENSE	5	5	0			helicase	nsp13_ZBD, nsp13_TB, and nsp_HEL1core, zinc-binding domain (ZD), NTPase/helicase domain (HEL), RNA 5'-triphosphatase, produced by pp1ab only		0	T=5	5	T	C						False	P.3	P.3=True	de_escalated	24-Mar-2021		
L56L	g.G168T	p.L56L			26690	M	M	SILENT	5	5	0						3	T=2	2	T	G						False	P.3	P.3=False	de_escalated	24-Mar-2021		
M1fs	g.1delA	p.M1fs			28270	N	intergenic		5	5	0			(N|GU280_gp10|1|1.00)			0	TAAATG=5	5	TAAATG	TAAAATG						False	P.3	P.3=True	de_escalated	24-Mar-2021		
N192N	g.C576T	p.N192N			28849	N	N	SILENT	5	5	0						4	T=1	1	T	C						False	P.3	P.3=False	de_escalated	24-Mar-2021		
N501Y	g.A1501T	p.N501Y			23063	S	S	MISSENSE	5	5	0						0	T=5	5	T	A	ACE2 receptor binding affinity	Barton et al. (2021)	https://www.biorxiv.org/content/10.1101/2021.05.18.444646v1		The N501Y mutation had the biggest effect on ACE2 affinity of any VOC mutation tested, increasing the affinity ~10 fold to KD ~7 nM, by increasing the k(on) ~1.8 fold and decreasing the k(off) by ~ 7 fold as measured by surface plasmon resonance. 	False	P.3	P.3=True	de_escalated	24-Mar-2021		
N501Y	g.A1501T	p.N501Y			23063	S	S	MISSENSE	5	5	0						0	T=5	5	T	A	ACE2 receptor binding affinity	Barton et al. (2021)	https://www.biorxiv.org/content/10.1101/2021.05.18.444646v1	'E484K'	In the case of VOC B.1.1.7+E484K, the addition of the E484K mutation to N501Y further increased the affinity, to ~15 fold higher than WT RBD (KD ~5 nM), by further increasing the k(on) as measured by surface plasmon resonance. Because the higher k(on) could result in mass transfer limiting binding, we confirmed that the kinetic measurement for this variant was not substantially affected by varying levels of immobilization.	False	P.3	P.3=True	de_escalated	24-Mar-2021		
N501Y	g.A1501T	p.N501Y			23063	S	S	MISSENSE	5	5	0						0	T=5	5	T	A	ACE2 receptor binding affinity	Collier et al. (2021)	https://www.nature.com/articles/s41586-021-03412-7		This combination showed ~3x increase binding to ACE2 vs wild type, about half that of the B.1.1.7 lineage, suggesting that the K417N mutation is slightly detrimental to ACE2 binding, probably as a result of disrupting the salt bridge formed with ACE2 residue D30	False	P.3	P.3=True	de_escalated	24-Mar-2021		
N501Y	g.A1501T	p.N501Y			23063	S	S	MISSENSE	5	5	0						0	T=5	5	T	A	ACE2 receptor binding affinity	Gamez et al. (2021)	https://www.biorxiv.org/content/10.1101/2021.04.09.439154v1		The most frequent RBM mutation N501Y (165,519 instances) makes defective the atypical N-glycosylation  sequon NGV 501-503, becoming a key RBM position for the interaction with hACE2-binding hotspot 353.	False	P.3	P.3=True	de_escalated	24-Mar-2021		
N501Y	g.A1501T	p.N501Y			23063	S	S	MISSENSE	5	5	0						0	T=5	5	T	A	ACE2 receptor binding affinity	Gong et al. (2021)	https://www.biorxiv.org/content/10.1101/2021.08.04.455140v1	'D614G'	"Using flow cytometry and ACE2 ectodomains-Fc portion IgG complex, this variant showed a 2.52x increase in binding (KD) relative to D614G, mostly due to decreased in ""off-rate"" a.k.a. dissociation rate (Kdis). Compare to full Spike variant complements for major lineages containing this variant subset: 5.43x (B.1.1.7 aka Alpha), 3.56x (B.1.351 aka Beta), 4.24x (P.1 aka Gamma)."	False	P.3	P.3=True	de_escalated	24-Mar-2021		
N501Y	g.A1501T	p.N501Y			23063	S	S	MISSENSE	5	5	0						0	T=5	5	T	A	ACE2 receptor binding affinity	Laffeber et al. (2021)	https://www.biorxiv.org/content/10.1101/2021.02.22.432357v1		RBD containing the N501Y mutation results in 9-fold stronger binding to the hACE2 receptor than  wild type RBD. The E484K mutation does not significantly influence the affinity for the receptor,  while K417N attenuates affinity. As a result, RBD from B.1.351 containing all three mutations binds  3-fold stronger to hACE2 than wild type RBD but 3-fold weaker than N501Y.	False	P.3	P.3=True	de_escalated	24-Mar-2021		
N501Y	g.A1501T	p.N501Y			23063	S	S	MISSENSE	5	5	0						0	T=5	5	T	A	ACE2 receptor binding affinity	Liu et al. (2021)	https://www.biorxiv.org/content/10.1101/2021.02.02.428884v1		Reported 10-fold increase in ACE2 binding vs wildtype (Kd 	False	P.3	P.3=True	de_escalated	24-Mar-2021		
N501Y	g.A1501T	p.N501Y			23063	S	S	MISSENSE	5	5	0						0	T=5	5	T	A	ACE2 receptor binding affinity	Liu et al. (2021)	https://www.biorxiv.org/content/10.1101/2021.02.16.431305v1		Studying the key covariants in lineage of concern 501Y.V2,  observed about 2-fold increase in ACE2 binding vs wildtype, but greatly decreased mAb binding, suggesting evolutionary optimum tension between  immune evasion and ACE2 binding affinity as the N501Y variant alone has 10x increase in affinity but no effect on tested mAb binding.	False	P.3	P.3=True	de_escalated	24-Mar-2021		
N501Y	g.A1501T	p.N501Y			23063	S	S	MISSENSE	5	5	0						0	T=5	5	T	A	ACE2 receptor binding affinity	Motozono et al. (2021)	https://www.biorxiv.org/content/10.1101/2021.04.02.438288v1		~4-fold increase in binding affinity vs wild type.	False	P.3	P.3=True	de_escalated	24-Mar-2021		
N501Y	g.A1501T	p.N501Y			23063	S	S	MISSENSE	5	5	0						0	T=5	5	T	A	ACE2 receptor binding affinity	Ramanathan et al. (2021)	https://www.biorxiv.org/content/10.1101/2021.02.22.432359v1		Using Microscale Thermopheresis, this variant binds ACE2 at nearly  two-fold greater affinity than the original SARS-COV-2 RBD (203.7 nM vs 402.5 nM).	False	P.3	P.3=True	de_escalated	24-Mar-2021		
N501Y	g.A1501T	p.N501Y			23063	S	S	MISSENSE	5	5	0						0	T=5	5	T	A	ACE2 receptor binding affinity	Ramanathan et al. (2021)	https://www.biorxiv.org/content/10.1101/2021.02.22.432359v1		Using Mircoscale Thermopheresis, the B.1.351 variant harboring three mutations, binds ACE2 at nearly  five-fold greater affinity than the original SARS-COV-2 RBD (Kd 87.6, vs 402.5 nM).	False	P.3	P.3=True	de_escalated	24-Mar-2021		
N501Y	g.A1501T	p.N501Y			23063	S	S	MISSENSE	5	5	0						0	T=5	5	T	A	ACE2 receptor binding affinity	Santos and Passos (2021)	https://www.biorxiv.org/content/10.1101/2020.12.29.424708v1		In silico methods (PyMOL and PDBePISA) involving mutagenesis (N501Y mutation) and interface analysis focusing on the Spike  RDB-ACE2 interaction showed that the SARS-CoV-2 N501Y mutant (lineage B.1.1.7) establishes a more significant number of  interactions relating to the mutant residue Y501 (Spike RDB) with residues Y41 and K353 (ACE2). This finding shows that the  increased infectivity of SARS-CoV-2 lineage B.1.1.7 is associated with the interaction force between the Spike RBD Y501  mutant residue with the ACE2 receptor, which in this strain is increased.	False	P.3	P.3=True	de_escalated	24-Mar-2021		
N501Y	g.A1501T	p.N501Y			23063	S	S	MISSENSE	5	5	0						0	T=5	5	T	A	ACE2 receptor binding affinity	Starr et al. (2020)	https://doi.org/10.1016/j.cell.2020.08.012		Experimentally, ACE2 binding affinity increased 0.24 fold	False	P.3	P.3=True	de_escalated	24-Mar-2021		
N501Y	g.A1501T	p.N501Y			23063	S	S	MISSENSE	5	5	0						0	T=5	5	T	A	ACE2 receptor binding affinity	Tada et al. (2021)	https://www.biorxiv.org/content/10.1101/2021.02.05.430003v1		This single mutation causes major increase in binding affinity vs. wild type as measured by IC50 vs pseudotyped lentivirus,  but combined with the complete set of B.1.1.7   lineage variants no major change vs wild type affnity is observed. 	False	P.3	P.3=True	de_escalated	24-Mar-2021		
N501Y	g.A1501T	p.N501Y			23063	S	S	MISSENSE	5	5	0						0	T=5	5	T	A	ACE2 receptor binding affinity	Tian et al. (2021)	https://www.biorxiv.org/content/10.1101/2021.02.14.431117v2		Reported 4-fold increase in affinity compared to wild-type RBD on the cell surface (Kd 	False	P.3	P.3=True	de_escalated	24-Mar-2021		
N501Y	g.A1501T	p.N501Y			23063	S	S	MISSENSE	5	5	0						0	T=5	5	T	A	ACE2 receptor binding affinity	Tian et al. (2021)	https://www.biorxiv.org/content/10.1101/2021.02.14.431117v2		Reported slight increase in affinity compared to wild-type RBD on the cell surface (Kd 	False	P.3	P.3=True	de_escalated	24-Mar-2021		
N501Y	g.A1501T	p.N501Y			23063	S	S	MISSENSE	5	5	0						0	T=5	5	T	A	ACE2 receptor binding affinity	Vogel et al. (2021)	https://www.biorxiv.org/content/10.1101/2021.03.04.433887v1		The affinity of ACE2 for this mutation combination was twice as high as for wild type. Having in mind that the affinity of SARS-CoV-2 for ACE2 is only 4-fold higher compared to SARS-CoV-1, this factor of 2 is expected to be biologically significant.	False	P.3	P.3=True	de_escalated	24-Mar-2021		
N501Y	g.A1501T	p.N501Y			23063	S	S	MISSENSE	5	5	0						0	T=5	5	T	A	ACE2 receptor binding affinity	Zahradnik et al. (2021)	https://www.biorxiv.org/content/10.1101/2021.01.06.425392		Among the first selected and fixed variants in an in vitro evolution experiment for ACE2 binding. Calculated disassociation constant for this variant is nearly four fold lower than wild type (Kd 	False	P.3	P.3=True	de_escalated	24-Mar-2021		
N501Y	g.A1501T	p.N501Y			23063	S	S	MISSENSE	5	5	0						0	T=5	5	T	A	ACE2 receptor binding affinity	Zhu et al. (2021)	https://www.biorxiv.org/content/10.1101/2021.01.11.426269v2		N501Y residue inserts into a cavity at the binding interface near Y41 of ACE2.  The additional interactions result in increased affinity of ACE2 for the N501Y mutant,  accounting for its increased infectivity.	False	P.3	P.3=True	de_escalated	24-Mar-2021		
N501Y	g.A1501T	p.N501Y			23063	S	S	MISSENSE	5	5	0						0	T=5	5	T	A	T cell evasion	Reynolds et al. (2021)	https://science.sciencemag.org/content/early/2021/04/29/science.abh1282		Vaccinated, but not post-infection sera, show decreased average T cell response to an N501Y peptide. When we primed transgenic mice expressing human HLA-DRB1*0401 with the Wuhan Hu-1 peptide pool,  T cell responses to the B.1.1.7 variant peptide pool were significantly reduced (p 	False	P.3	P.3=True	de_escalated	24-Mar-2021		
N501Y	g.A1501T	p.N501Y			23063	S	S	MISSENSE	5	5	0						0	T=5	5	T	A	antibody epitope effects	Chen et al. (2021)	https://www.nature.com/articles/s41591-021-01294-w 		Ablates Class 3 N-terminal domain targeting antibody COV2-2489, diminishes COV2-2676.	False	P.3	P.3=True	de_escalated	24-Mar-2021		
N501Y	g.A1501T	p.N501Y			23063	S	S	MISSENSE	5	5	0						0	T=5	5	T	A	antibody epitope effects	Chen et al. (2021)	https://www.nature.com/articles/s41591-021-01294-w 	'E484K'	Ablates Class 1 receptor-binding-motif targeting antibodies COV2-2050, 1B07, COVOX-384, and S2H58. Ablates Class 3 N-terminal domain targeting antibody COV2-2489, diminishes COV2-2676.	False	P.3	P.3=True	de_escalated	24-Mar-2021		
N501Y	g.A1501T	p.N501Y			23063	S	S	MISSENSE	5	5	0						0	T=5	5	T	A	antibody epitope effects	Collier et al. (2021)	https://www.nature.com/articles/s41586-021-03412-7		Of 50 mAbs tested, major loss of neutralization observed for S2X128, S2D8, S2X192, S2D19, S2H14, S2H19.	False	P.3	P.3=True	de_escalated	24-Mar-2021		
N501Y	g.A1501T	p.N501Y			23063	S	S	MISSENSE	5	5	0						0	T=5	5	T	A	antibody epitope effects	Haynes et al. (2021)	https://www.medrxiv.org/content/10.1101/2021.01.06.20248960v1		Wildtype elicits immune response, COVID-19 cohort epitope score > 99th percentile of the 497 pre-pandemic controls, mutant drops PIWAS epitope score from 3% to 1.2% (poorer immune recognition) Together with other B1.1.7 lineage mutational changes (Spike: Y144del, A570D, P681H, Nucleoprotein: D3L, S235F) resulted in only 2 or 579 individuals (0.3% of the population) having a dramatic reduction in PIWAS antigen scores, which reflects the peak epitope signal along the entire antigen.	False	P.3	P.3=True	de_escalated	24-Mar-2021		
N501Y	g.A1501T	p.N501Y			23063	S	S	MISSENSE	5	5	0						0	T=5	5	T	A	antibody epitope effects	Klegerman et al. (2021)	https://doi.org/10.1101/2021.04.26.441517		Contrary to other reports on N501Y containing lineages (i.e. with additional mutations), N501Y alone may have an even greater affinity for a human monoclonal antibody specific for wild type. These results suggest that the individual N501Y mutation does not contribute to altered viral properties by itself, but may contribute to a collective conformational shift produced by multiple mutations.	False	P.3	P.3=True	de_escalated	24-Mar-2021		
N501Y	g.A1501T	p.N501Y			23063	S	S	MISSENSE	5	5	0						0	T=5	5	T	A	antibody epitope effects	Rees-Spear et al. (2021)	https://www.biorxiv.org/content/10.1101/2021.01.15.426849v1		Lowered the neutralization potency of mAb COVA1-12 to the limit of the assay. Decrease in potency was observed against the N501Y pseudotype for the cluster IX mAb COVA2-17.	False	P.3	P.3=True	de_escalated	24-Mar-2021		
N501Y	g.A1501T	p.N501Y			23063	S	S	MISSENSE	5	5	0						0	T=5	5	T	A	antibody epitope effects	Shen et al. (2021)	https://www.biorxiv.org/content/10.1101/2021.01.27.428516v2		Reduction in neutralization by mAbs COVA1-18 (~4x), COVA2-15 (~9x), S309 (~3x)	False	P.3	P.3=True	de_escalated	24-Mar-2021		
N501Y	g.A1501T	p.N501Y			23063	S	S	MISSENSE	5	5	0						0	T=5	5	T	A	antibody epitope effects	Wang et al. (2021)	https://www.biorxiv.org/content/10.1101/2021.01.15.426911v2		4 antibodies tested were less potent against K417N by ten-fold or more, in both mAb classes 1 and 3	False	P.3	P.3=True	de_escalated	24-Mar-2021		
N501Y	g.A1501T	p.N501Y			23063	S	S	MISSENSE	5	5	0						0	T=5	5	T	A	convalescent plasma binding	Gong et al. (2021)	https://www.biorxiv.org/content/10.1101/2021.08.04.455140v1	'D614G'	1.65x increase in Spike binding (relative to D614G alone) by 5 plasma collected 8 months post-symptom-onset.	False	P.3	P.3=True	de_escalated	24-Mar-2021		
N501Y	g.A1501T	p.N501Y			23063	S	S	MISSENSE	5	5	0						0	T=5	5	T	A	convalescent plasma escape	Cele et al. (2021)	https://www.krisp.org.za/manuscripts/MEDRXIV-2021-250224v1-Sigal.pdf		The 501Y.V2 to first wave IC50 ratio ranged from 6 to 200-fold. Averaging across all 7 participant convalescent sera highlighted the dramatic decrease in sensitivity to neutralization of authentic 501Y.V2 variants. PG: I'm purposefully ignoring D614G and A701V as contributors	False	P.3	P.3=True	de_escalated	24-Mar-2021		
N501Y	g.A1501T	p.N501Y			23063	S	S	MISSENSE	5	5	0						0	T=5	5	T	A	convalescent plasma escape	Chen et al. (2021)	https://www.nature.com/articles/s41591-021-01294-w 	'E484K'	In 19 convalescent human sera ~1mo post infection had mild to moderate resistence against all samples. 	False	P.3	P.3=True	de_escalated	24-Mar-2021		
N501Y	g.A1501T	p.N501Y			23063	S	S	MISSENSE	5	5	0						0	T=5	5	T	A	convalescent plasma escape	Kuzmina et al. (2021)	https://dx.doi.org/10.1016%2Fj.chom.2021.03.008		0.7x reduction in neutralization by key variant in several variants of concern in sera collected from cohort of 10 with severe  disease 21 to 63 days post-onset. 	False	P.3	P.3=True	de_escalated	24-Mar-2021		
N501Y	g.A1501T	p.N501Y			23063	S	S	MISSENSE	5	5	0						0	T=5	5	T	A	convalescent plasma escape	Rathnasinghe et al. (2021)	https://dx.doi.org/10.1101%2F2021.01.19.21249592		In 30 samples collected 111 to 260 days post onset of symptoms, the covalescent plasma can neutralize both  the reference USA-WA1/2020 strain and the mouse adapted strain that contains the N501Y spike mutation with similar efficiency.	False	P.3	P.3=True	de_escalated	24-Mar-2021		
N501Y	g.A1501T	p.N501Y			23063	S	S	MISSENSE	5	5	0						0	T=5	5	T	A	convalescent plasma escape	Shen et al. (2021)	https://www.biorxiv.org/content/10.1101/2021.01.27.428516v2		Neutralization activity of convalescent sera tested decreased ~2x with this B.1.1.7 pseudotyped virus.	False	P.3	P.3=True	de_escalated	24-Mar-2021		
N501Y	g.A1501T	p.N501Y			23063	S	S	MISSENSE	5	5	0						0	T=5	5	T	A	convalescent plasma escape	Tada et al. (2021)	https://www.biorxiv.org/content/10.1101/2021.02.05.430003v1		Viruses containing the point mutations of B.1.1.7 showed that the single point mutations (Δ69-70 and N501Y) were neutralized as efficiently as D614G across 10 convalescent sera from April 2020 infectees.	False	P.3	P.3=True	de_escalated	24-Mar-2021		
N501Y	g.A1501T	p.N501Y			23063	S	S	MISSENSE	5	5	0						0	T=5	5	T	A	convalescent plasma escape	Tang et al. (2021)	https://www.biorxiv.org/content/10.1101/2021.03.19.436183v1		As measured by surface plasmon resonance, RBD with the N501Y mutation alone showed a mean 2.1x decrease in binding affinity for  six batches of hyperimmune immunoglobulin (hCoV-2IG) preparations generated from SARS-CoV-2 convalescent plasma.	False	P.3	P.3=True	de_escalated	24-Mar-2021		
N501Y	g.A1501T	p.N501Y			23063	S	S	MISSENSE	5	5	0						0	T=5	5	T	A	convalescent plasma escape	Wibmer et al. (2021)	https://doi.org/10.1101/2021.01.18.427166		"27% of 44 early pandemic exposure convalescent plasma/sera lose all activity against a RBD triple mutant pseudovirus (RBD mutatants of the 501Y.V2 ""South African"" lineage), while only 23% retained high titres "	False	P.3	P.3=True	de_escalated	24-Mar-2021		
N501Y	g.A1501T	p.N501Y			23063	S	S	MISSENSE	5	5	0						0	T=5	5	T	A	convalescent plasma escape	Wibmer et al. (2021)	https://doi.org/10.1101/2021.01.18.427166		"Nearly half (21 of 44, 48%) of early pandemic exposure convalescent plasma/sera failed to neutralize the 501Y.V2 (""South African"") lineage pseudovirus construct Only 3 of 44 convascent sera (those with the highest titer, which correlated direectly with initial infection severity) had high neutralization against this 501Y.V2  PG: note that lineage variant R246I was excluded from the text in reference to these sera assays, not sure if that was an oversight."	False	P.3	P.3=True	de_escalated	24-Mar-2021		
N501Y	g.A1501T	p.N501Y			23063	S	S	MISSENSE	5	5	0						0	T=5	5	T	A	environmental condition stability	Tada et al. (2021)	https://www.biorxiv.org/content/10.1101/2021.02.05.430003v1		Relative to D614G, this mutation demonstrated significant increase in infectivity (i.e. heat stability) after incubation at 50C after 30 minutes or 1 hour	False	P.3	P.3=True	de_escalated	24-Mar-2021		
N501Y	g.A1501T	p.N501Y			23063	S	S	MISSENSE	5	5	0						0	T=5	5	T	A	homoplasy	Flores-Alanis et al. (2021)	https://www.mdpi.com/2076-0817/10/2/184/htm		Variant within the six key residues in the receptor binding domain (RBD). Independently reported in UK, Australia  (same origin as UK), and South Africa (independent origin).	False	P.3	P.3=True	de_escalated	24-Mar-2021		
N501Y	g.A1501T	p.N501Y			23063	S	S	MISSENSE	5	5	0						0	T=5	5	T	A	immunosuppression variant emergence	Choi et al. (2020)	https://www.nejm.org/doi/full/10.1056/NEJMc2031364		Appeared (day 128) and persisted in chronic (152 day) SARS-CoV-2 infection of immunocompromised patient with severe antiphospholipid syndrome	False	P.3	P.3=True	de_escalated	24-Mar-2021		
N501Y	g.A1501T	p.N501Y			23063	S	S	MISSENSE	5	5	0						0	T=5	5	T	A	monoclonal antibody serial passage escape	Wang et al. (2021)	https://www.biorxiv.org/content/10.1101/2021.01.15.426911v2		In vitro selection against class 1 (Spike 'up' conformation) monoclonal antibody C663, and to a lesser extent C613.	False	P.3	P.3=True	de_escalated	24-Mar-2021		
N501Y	g.A1501T	p.N501Y			23063	S	S	MISSENSE	5	5	0						0	T=5	5	T	A	pharmaceutical effectiveness	Engelhart et al. (2021)	https://www.biorxiv.org/content/10.1101/2021.04.27.440939v1		COR-101 lost ~8x binding against this isolated mutation. Regdanvimab lost ~6x binding against this isolated mutation.	False	P.3	P.3=True	de_escalated	24-Mar-2021		
N501Y	g.A1501T	p.N501Y			23063	S	S	MISSENSE	5	5	0						0	T=5	5	T	A	pharmaceutical effectiveness	Engelhart et al. (2021)	https://www.biorxiv.org/content/10.1101/2021.04.27.440939v1		Tixagevimab, Regdanvimab and COR-101 display reduced binding affinity to virus pseudotyped as RBD from B.1.351.	False	P.3	P.3=True	de_escalated	24-Mar-2021		
N501Y	g.A1501T	p.N501Y			23063	S	S	MISSENSE	5	5	0						0	T=5	5	T	A	pharmaceutical effectiveness	Engelhart et al. (2021)	https://www.biorxiv.org/content/10.1101/2021.04.27.440939v1	'E484K'	Bamlanivimab (LY-CoV555) lost ~64x binding against this double mutation. COR-101 lost ~50x binding against this double mutation. Casirivimab lost ~250x binding against this double mutation. Estesevimab lost ~16x binding against this double mutation. Regdanvimab lost ~32x binding against this double mutation. Tixagevimab lost ~10x binding against this double mutation.	False	P.3	P.3=True	de_escalated	24-Mar-2021		
N501Y	g.A1501T	p.N501Y			23063	S	S	MISSENSE	5	5	0						0	T=5	5	T	A	pharmaceutical effectiveness	Liu et al. (2021)	https://www.biorxiv.org/content/10.1101/2021.02.16.431305v1		This mutated version of RBD completely abolishes the binding to a therapeutic antibody, Bamlanivimab, in vitro.	False	P.3	P.3=True	de_escalated	24-Mar-2021		
N501Y	g.A1501T	p.N501Y			23063	S	S	MISSENSE	5	5	0						0	T=5	5	T	A	syncytium formation	Kim et al. (2021)	https://dx.doi.org/10.3390%2Fv13040633	'D614G'	Slight increase in Vero cell-cell membrane fusion assay under infection with VSV pseudotyped virus relative to wild type, no change relative to D614G.	False	P.3	P.3=True	de_escalated	24-Mar-2021		
N501Y	g.A1501T	p.N501Y			23063	S	S	MISSENSE	5	5	0						0	T=5	5	T	A	syncytium formation	Kim et al. (2021)	https://dx.doi.org/10.3390%2Fv13040633	'E484K', 'D614G'	~50% Vero cell-cell membrane fusion assay under infection with VSV pseudotyped virus relative to wild type, signficantly higher than D614G.	False	P.3	P.3=True	de_escalated	24-Mar-2021		
N501Y	g.A1501T	p.N501Y			23063	S	S	MISSENSE	5	5	0						0	T=5	5	T	A	trafficking	Kim et al. (2021)	https://dx.doi.org/10.3390%2Fv13040633	'D614G'	More efficient infectivity (24h) compared to wild type, in Caco-2 cells ~9x, Vero ~8x, and Calu-3 ~8x. Compare to wild type at ~5x across cell types.	False	P.3	P.3=True	de_escalated	24-Mar-2021		
N501Y	g.A1501T	p.N501Y			23063	S	S	MISSENSE	5	5	0						0	T=5	5	T	A	trafficking	Kim et al. (2021)	https://dx.doi.org/10.3390%2Fv13040633	'D614G'	~4x more efficient S2 domain cleavage compared to wild type, no change relative to D614G alone in Caco-2 cells, mid-range of three cell line tested (Vero and Calu-3).	False	P.3	P.3=True	de_escalated	24-Mar-2021		
N501Y	g.A1501T	p.N501Y			23063	S	S	MISSENSE	5	5	0						0	T=5	5	T	A	trafficking	Kim et al. (2021)	https://dx.doi.org/10.3390%2Fv13040633	'E484K', 'D614G'	More efficient infectivity (24h) compared to wild type, in Caco-2 cells ~11x, Vero ~10x, and Calu-3 ~11x. Compare to wild type at ~5x across cell types.	False	P.3	P.3=True	de_escalated	24-Mar-2021		
N501Y	g.A1501T	p.N501Y			23063	S	S	MISSENSE	5	5	0						0	T=5	5	T	A	trafficking	Kim et al. (2021)	https://dx.doi.org/10.3390%2Fv13040633	'E484K', 'D614G'	~6x more efficient S2 domain cleavage compared to wild type, compared to 4x by D614G alone in Caco-2 cells, mid-range of three cell line tested (Vero and Calu-3). [N501Y+D614G does not show an increase in cleavage, therefore a synergistic effect of the trio is implied]	False	P.3	P.3=True	de_escalated	24-Mar-2021		
N501Y	g.A1501T	p.N501Y			23063	S	S	MISSENSE	10	10	0						0	T=10	10	T	A	trafficking	Kuzmina et al. (2021)	https://dx.doi.org/10.1016%2Fj.chom.2021.03.008	'D614G'	9x more infectivity than D614G alone in HEK293T-ACE2 cells 48h post-transduction.	False	P.3	P.3=True	de_escalated	24-Mar-2021		
N501Y	g.A1501T	p.N501Y			23063	S	S	MISSENSE	5	5	0						0	T=5	5	T	A	trafficking	Kuzmina et al. (2021)	https://dx.doi.org/10.1016%2Fj.chom.2021.03.008	'E484K', 'D614G'	~12x more infectivity than D614G alone in HEK293T-ACE2 cells 48h post-transduction (~additive effects of 501 and 484).	False	P.3	P.3=True	de_escalated	24-Mar-2021		
N501Y	g.A1501T	p.N501Y			23063	S	S	MISSENSE	5	5	0						0	T=5	5	T	A	trafficking	Motozono et al. (2021)	https://www.biorxiv.org/content/10.1101/2021.04.02.438288v1		Decreased stability of RBD expression in yeast, suggesting decreased Spike protein stability.	False	P.3	P.3=True	de_escalated	24-Mar-2021		
N501Y	g.A1501T	p.N501Y			23063	S	S	MISSENSE	5	5	0						0	T=5	5	T	A	trafficking	Tada et al. (2021)	https://www.biorxiv.org/content/10.1101/2021.02.05.430003v1		Lentiviral pseudotyped with this individual mutation from B.1.1.7 was tested on ACE2.293T cells. Luciferase activity was measured two days postinfection,  showing slightly increased infection rate amongst the cells.  [in what is essentially a replicate experiment in the same paper, because  each B.1.351 lineage variant was independetly evaluated and N501 is in both lineages,  a significant decrease was observed, therefore the error bars described in this paper should be interpreted carefully]	False	P.3	P.3=True	de_escalated	24-Mar-2021		
N501Y	g.A1501T	p.N501Y			23063	S	S	MISSENSE	5	5	0						0	T=5	5	T	A	vaccine neutralization efficacy	Bates et al. (2021)	https://www.medrxiv.org/content/10.1101/2021.04.04.21254881v1		Observed 1.3-fold reduction in neutralization efficiency of Pfizer vaccinee sera (collected 14 days after second dose)  against pseudotype B.1.1.7 key variant lentivirus. Compare to 2.6-fold reduction against cultured B.1.1.7 virus.	False	P.3	P.3=True	de_escalated	24-Mar-2021		
N501Y	g.A1501T	p.N501Y			23063	S	S	MISSENSE	5	5	0						0	T=5	5	T	A	vaccine neutralization efficacy	Chen et al. (2021)	https://www.nature.com/articles/s41591-021-01294-w	'E484K'	The neutralizing activity of vaccine was slightly to significantly lower against this variant combination in sera from all 24 patients with  the BNT162b2 mRNA vaccine. (Fig. 4) [In stark contrast to this combination plus K417N, which had no effect (P<0.0001 vs. P	False	P.3	P.3=True	de_escalated	24-Mar-2021		
N501Y	g.A1501T	p.N501Y			23063	S	S	MISSENSE	5	5	0						0	T=5	5	T	A	vaccine neutralization efficacy	Edara et al. (2021)	https://www.medrxiv.org/content/10.1101/2021.02.02.21250799v1		1.2x drop in neutralization using sera collected from 14 healthy adult participants that received two injections of the mRNA-1273 (Moderna) vaccine  at a dose of 100 µg (18-55 years: day 1 and day 14 post-2nd dose) against a recombinant single variant virus (modified replicating WA-1 cDNA clone)  relative to contemporary circulating D614G variant (USA/GA-EHC-083E/2020) using a live-virus Focus Reduction Neutralization Test (FRNT) assay. 	False	P.3	P.3=True	de_escalated	24-Mar-2021		
N501Y	g.A1501T	p.N501Y			23063	S	S	MISSENSE	5	5	0						0	T=5	5	T	A	vaccine neutralization efficacy	Jacobson et al. (2021)	https://www.medrxiv.org/content/10.1101/2021.04.14.21255431v2		The presence of this variant in 189 post-mRNA-vaccination COVID-19 cases was proportionally in line with lineage prevalence in Northen California during the study period, suggesting no effect of these variants on immune escape.	False	P.3	P.3=True	de_escalated	24-Mar-2021		
N501Y	g.A1501T	p.N501Y			23063	S	S	MISSENSE	5	5	0						0	T=5	5	T	A	vaccine neutralization efficacy	Kuzmina et al. (2021)	https://dx.doi.org/10.1016%2Fj.chom.2021.03.008	'D614G'	This variant showed no change in Pfizer sera (one or two dose) neutralization efficiency vs D614G (using lentivirus pseudotype).	False	P.3	P.3=True	de_escalated	24-Mar-2021		
N501Y	g.A1501T	p.N501Y			23063	S	S	MISSENSE	5	5	0						0	T=5	5	T	A	vaccine neutralization efficacy	Kuzmina et al. (2021)	https://dx.doi.org/10.1016%2Fj.chom.2021.03.008	'E484K', 'D614G'	This variant showed >5x decrease in Pfizer sera (3 weeks post-first dose: n 	False	P.3	P.3=True	de_escalated	24-Mar-2021		
N501Y	g.A1501T	p.N501Y			23063	S	S	MISSENSE	5	5	0						0	T=5	5	T	A	vaccine neutralization efficacy	Rathnasinghe et al. (2021)	https://dx.doi.org/10.1101%2F2021.01.19.21249592		Human sera from 6 two-dose Pfizer vaccinated individuals (47-68 days post 1st-dose) can neutralize both the reference  USA-WA1/2020 strain and the mouse adapted SARS-CoV-2 strain that contains the N501Y spike mutation with similar efficiency.	False	P.3	P.3=True	de_escalated	24-Mar-2021		
N501Y	g.A1501T	p.N501Y			23063	S	S	MISSENSE	5	5	0						0	T=5	5	T	A	vaccine neutralization efficacy	Wang et al. (2021)	https://www.biorxiv.org/content/10.1101/2021.01.15.426911v2		In a cohort of 20 patients 8+ weeks after second vaccine dose of Moderna (mRNA-1273) or Pfizer-BioNTech (BNT162b2) vaccines,  a modest decrease in neutralization by vaccine plasma was observed.	False	P.3	P.3=True	de_escalated	24-Mar-2021		
N501Y	g.A1501T	p.N501Y			23063	S	S	MISSENSE	5	5	0						0	T=5	5	T	A	vaccine neutralization efficacy	Xie et al. (2021)	https://www.nature.com/articles/s41591-021-01270-4	'E484K'	In 20 sera from BNT162b2 mRNA vaccine inoculated participants, 6 displayed mild (2x) reductions in neutralization. This variant combination showed the highest reduction, but the magnitude of the differences was small  compared to the >4x differences in HA-inhibition titers that have been used to signal potential need for a strain change in influenza vaccines.	False	P.3	P.3=True	de_escalated	24-Mar-2021		
N501Y	g.A1501T	p.N501Y			23063	S	S	MISSENSE	5	5	0						0	T=5	5	T	A	vaccinee plasma binding	Gong et al. (2021)	https://www.biorxiv.org/content/10.1101/2021.08.04.455140v1	'D614G'	1.17x increase in Spike binding (relative to D614G alone) by 5 plasma collected 3 weeks after one dose of Pfizer/BioNtech BNT162b2 vaccine in previously non-seroconverted subjects.  1.09x increase in Spike binding (relative to D614G alone) by 5 plasma collected 3 weeks after one dose of Pfizer/BioNtech BNT162b2 vaccine in post-infection vaccinees.	False	P.3	P.3=True	de_escalated	24-Mar-2021		
N501Y	g.A1501T	p.N501Y			23063	S	S	MISSENSE	5	5	0						0	T=5	5	T	A	virion structure	Spratt et al. (2021)	https://www.biorxiv.org/content/10.1101/2021.03.24.436850v1		Estimated free energy change (ddG) for this variant is 0.69 kcal/mol (i.e. stabilizing relative to wild type) 	False	P.3	P.3=True	de_escalated	24-Mar-2021		
P4715L	g.C14144T	p.P4715L			14408	ORF1ab	ORF1b	MISSENSE	5	5	0			RNA-dependent RNA polymerase	nsp12, NiRAN and RdRp, produced by pp1ab only		0	T=5	5	T	C						False	P.3	P.3=True	de_escalated	24-Mar-2021		
P681H	g.C2042A	p.P681H			23604	S	S	MISSENSE	4	5	0						0	A=4	4	A	C	ACE2 receptor binding affinity	Gong et al. (2021)	https://www.biorxiv.org/content/10.1101/2021.08.04.455140v1	'D614G'	Using flow cytometry and ACE2 ectodomains-Fc portion IgG complex, this variant showed a 1.23x decrease in binding (KD) relative to D614G.	False	P.3	P.3=True	de_escalated	24-Mar-2021		
P681H	g.C2042A	p.P681H			23604	S	S	MISSENSE	4	5	0						0	A=4	4	A	C	antibody epitope effects	Chen et al. (2021)	https://www.nature.com/articles/s41591-021-01294-w 		Ablates Class 3 N-terminal domain targeting antibody COV2-2489, diminishes COV2-2676.	False	P.3	P.3=True	de_escalated	24-Mar-2021		
P681H	g.C2042A	p.P681H			23604	S	S	MISSENSE	4	5	0						0	A=4	4	A	C	antibody epitope effects	Haynes et al. (2021)	https://www.medrxiv.org/content/10.1101/2021.01.06.20248960v1		Wildtype elicits immune response, COVID-19 cohort epitope score > 99th percentile of the 497 pre-pandemic controls, mutant drops PIWAS epitope score from 7.8% to 1.2% (significantly poorer immune recognition) Together with other B1.1.7 lineage mutational changes (Spike: Y144del,N501Y, A570D Nucleoprotein: D3L, S235F) resulted in only 2 of 579 individuals (0.3% of the population) having a dramatic reduction in PIWAS antigen scores, which reflects the peak epitope signal along the entire antigen.	False	P.3	P.3=True	de_escalated	24-Mar-2021		
P681H	g.C2042A	p.P681H			23604	S	S	MISSENSE	4	5	0						0	A=4	4	A	C	antibody epitope effects	Johnson et al. (2020)	https://www.ncbi.nlm.nih.gov/pmc/articles/PMC7457603/ 		This variant is adjacent to the Spike protein furin cleavage site (cleavage of S into S1 and S2 subunits is required for viral membrane fusion and subsequent entry into host cells), a site shown to be highly immunogenic.	False	P.3	P.3=True	de_escalated	24-Mar-2021		
P681H	g.C2042A	p.P681H			23604	S	S	MISSENSE	4	5	0						0	A=4	4	A	C	convalescent plasma binding	Gong et al. (2021)	https://www.biorxiv.org/content/10.1101/2021.08.04.455140v1	'D614G'	1.26x increase in Spike binding (relative to D614G alone) by 5 plasma collected 8 months post-symptom-onset.	False	P.3	P.3=True	de_escalated	24-Mar-2021		
P681H	g.C2042A	p.P681H			23604	S	S	MISSENSE	4	5	0						0	A=4	4	A	C	trafficking	Lubinski et al. (2021)	https://www.biorxiv.org/content/10.1101/2021.04.06.438731v1		While the introduction of P681H in the SARS-CoV-2 B.1.1.7 variant may increase spike cleavage by furin-like proteases,  this does not significantly impact viral entry or cell-cell spread. We consider that other factors are at play to account  for the increased in transmission and disease severity attributed to this variant of concern (VOC).	False	P.3	P.3=True	de_escalated	24-Mar-2021		
P681H	g.C2042A	p.P681H			23604	S	S	MISSENSE	4	5	0						0	A=4	4	A	C	trafficking	Maaroufi (2021)	https://www.researchgate.net/publication/348943694_The_mutation_P681H_in_the_B117_variant_of_SARS-CoV-2_probably_enhances_viral_entry_and_replication		This mutation in the first base of the furin clevage site maintains the RXXR recognition motif, and is presumed to enhance cleavage based on the removal of a proline-directed phosphotase recognition site at S680. In a homologuous site in Infectious  Bronchitis Virus (IBV, Gammacoronaviruses), abolition of S680 phosphorylation improves furin cleavage  (and presumably cell entry).	False	P.3	P.3=True	de_escalated	24-Mar-2021		
P681H	g.C2042A	p.P681H			23604	S	S	MISSENSE	4	5	0						0	A=4	4	A	C	trafficking	Tada et al. (2021)	https://www.biorxiv.org/content/10.1101/2021.02.05.430003v1		Lentiviral pseudotyped with this individual mutation from B.1.1.7 was tested on ACE2.293T cells. Luciferase activity was measured two days postinfection,  showing NO statistically significant infection rate change amongst the cells, suggesting that furin cleavage typically used for cell entry is not affected by this change one  amino acid upstream of the RXXR recognition pattern. 	False	P.3	P.3=True	de_escalated	24-Mar-2021		
P681H	g.C2042A	p.P681H			23604	S	S	MISSENSE	4	5	0						0	A=4	4	A	C	vaccine neutralization efficacy	Zuckerman et al. (2021)	https://www.medrxiv.org/content/10.1101/2021.03.25.21253908v1	'D614G'	No significant change in virus neutralzation by 18 Pfizer two dose vaccinee sera compared to B.1.1.7. [results without including the used mutation A27S likely generalizable, as this is not a lineage defining mutation]	False	P.3	P.3=True	de_escalated	24-Mar-2021		
P681H	g.C2042A	p.P681H			23604	S	S	MISSENSE	4	5	0						0	A=4	4	A	C	vaccinee plasma binding	Gong et al. (2021)	https://www.biorxiv.org/content/10.1101/2021.08.04.455140v1	'D614G'	1.14x decrease in Spike binding (relative to D614G alone) by 5 plasma collected 3 weeks after one dose of Pfizer/BioNtech BNT162b2 vaccine in previously non-seroconverted subjects.  1.11x decrease in Spike binding (relative to D614G alone) by 5 plasma collected 3 weeks after one dose of Pfizer/BioNtech BNT162b2 vaccine in post-infection vaccinees.	False	P.3	P.3=True	de_escalated	24-Mar-2021		
P681H	g.C2042A	p.P681H			23604	S	S	MISSENSE	4	5	0						0	A=4	4	A	C	virion structure	Tada et al. (2021)	https://www.biorxiv.org/content/10.1101/2021.02.05.430003v1		The Ratio of S2 (processed Spike) to full length Spike is higher for this mutation,  due to a drop in the full length Spike measured, suggesting that this mutation compensates for decreased Spike production by improved proteolytic processing.	False	P.3	P.3=True	de_escalated	24-Mar-2021		
P9L	g.C26T	p.P9L			21588	S	S	MISSENSE	5	5	0						3	T=2	2	T	C						False	P.3	P.3=False	de_escalated	24-Mar-2021		
Q2963L	g.A8888T	p.Q2963L			9153	ORF1ab	ORF1a	MISSENSE	5	5	0			nsp4	nsp4B_TM, contains transmembrane domain 2 (TM2), produced by both pp1a and pp1ab		3	T=2	2	T	A						False	P.3	P.3=False	de_escalated	24-Mar-2021		
Q6660Q	g.A19980G	p.Q6660Q			20244	ORF1ab	ORF1b	SILENT	5	5	0			endoRNAse	nsp15-A1 and nsp15B-NendoU, produced by pp1ab only		3	G=2	2	G	A						False	P.3	P.3=False	de_escalated	24-Mar-2021		
RG203KR	g.GGG608_610AAC	p.RG203KR			28881	N	N		5	5	0						0	AAC=5	5	AAC	GGG						False	P.3	P.3=True	de_escalated	24-Mar-2021		
S2433S	g.C7299A	p.S2433S			7564	ORF1ab	ORF1a	SILENT	5	5	0			nsp3	former nsp1, conserved domains are: N-terminal acidic (Ac), predicted phosphoesterase, papain-like proteinase, Y-domain, transmembrane domain 1 (TM1), adenosine diphosphate-ribose 1''-phosphatase (ADRP), produced by both pp1a and pp1ab		0	A=5	5	A	C						False	P.3	P.3=True	de_escalated	24-Mar-2021		
S2625F	g.C7874T	p.S2625F			8139	ORF1ab	ORF1a	MISSENSE	5	5	0			nsp3	former nsp1, conserved domains are: N-terminal acidic (Ac), predicted phosphoesterase, papain-like proteinase, Y-domain, transmembrane domain 1 (TM1), adenosine diphosphate-ribose 1''-phosphatase (ADRP), produced by both pp1a and pp1ab		0	T=5	5	T	C						False	P.3	P.3=True	de_escalated	24-Mar-2021		
S875S	g.T2625A	p.S875S			24187	S	S	SILENT	4	5	0						0	A=4	4	A	T						False	P.3	P.3=True	de_escalated	24-Mar-2021		
T391I	g.C1172T	p.T391I			29445	N	N	MISSENSE	5	5	0						3	T=2	2	T	C						False	P.3	P.3=False	de_escalated	24-Mar-2021		
T395T	g.C1185T	p.T395T			1450	ORF1ab	ORF1a	SILENT	5	5	0			nsp2	produced by both pp1a and pp1ab		4	T=1	1	T	C						False	P.3	P.3=False	de_escalated	24-Mar-2021		
V1176F	g.G3526T	p.V1176F			25088	S	S	MISSENSE	5	5	0						0	T=5	5	T	G	vaccine neutralization efficacy	Garcia-Beltran et al. (2021)	https://doi.org/10.1016/j.cell.2021.03.013	'E484K', 'D614G'	Pseudotyped P.2 virus has reduced neutralization activity vs wild type: 5.8x (30 sera Pfizer median 9 days post 2nd dose)  and 2.9x (35 sera Moderna median 18 days post 2nd dose). This was significant by ANOVA.	False	P.3	P.3=True	de_escalated	24-Mar-2021		
V3700V	g.G11100T	p.V3700V			11365	ORF1ab	ORF1a	SILENT	5	5	0			nsp6	nsp6_TM, putative transmembrane domain, produced by both pp1a and pp1ab		4	T=1	1	T	G						False	P.3	P.3=False	de_escalated	24-Mar-2021		
V605I	g.G1813A	p.V605I			2078	ORF1ab	ORF1a	MISSENSE	5	5	0			nsp2	produced by both pp1a and pp1ab		4	A=1	1	A	G						False	P.3	P.3=False	de_escalated	24-Mar-2021		
Y265C	g.A794G	p.Y265C			22356	S	S	MISSENSE	5	5	0						0	G=5	5	G	A						False	P.3	P.3=True	de_escalated	24-Mar-2021		
Y496C	g.A1487G	p.Y496C			1752	ORF1ab	ORF1a	MISSENSE	5	5	0			nsp2	produced by both pp1a and pp1ab		3	G=2	2	G	A						False	P.3	P.3=False	de_escalated	24-Mar-2021		
g.C-25T	g.C-25T				241	ORF1ab	intergenic		5	5	0						0	T=5	5	T	C						False	P.3	P.3=True	de_escalated	24-Mar-2021		
g.C29724T	g.C29724T				29724	intergenic	intergenic		5	5	0						0	T=5	5	T	C						False	P.3	P.3=True	de_escalated	24-Mar-2021		
