	REGION	POS	REF	ALT	REF_DP	REF_RV	REF_QUAL	ALT_DP	ALT_RV	ALT_QUAL	ALT_FREQ	TOTAL_DP	PVAL	PASS	GFF_FEATURE	REF_CODON	REF_AA	ALT_CODON	ALT_AA	REF_AA_3	ALT_AA_3	REF_AA_POS	GENE	NAME	ALIAS	NT_NAME	MUTATION_TYPE
0	MN908947.3	241	C	T	40	0	93	112695	0	93	0.999592	112741	0	True						Xaa	Xaa	81	5'UTR	p.Xaa81Xaa		g.241C>T	SNV
1	MN908947.3	913	C	T	91	0	93	112268	0	93	0.992494	113117	0	True	cds-QHD43415.1	TCC	S	TCT	S	Ser	Ser	216	ORF1ab	p.Ser216Ser	S216S	g.913C>T	SNV
2	MN908947.3	3037	C	T	53	0	93	113063	0	93	0.999531	113116	0	True	cds-QHD43415.1	TTC	F	TTT	F	Phe	Phe	924	ORF1ab	p.Phe924Phe	F924F	g.3037C>T	SNV
3	MN908947.3	3267	C	T	135	0	93	112963	0	93	0.998639	113117	0	True	cds-QHD43415.1	ACT	T	ATT	I	Thr	Ile	1001	ORF1ab	p.Thr1001Ile	T1001I	g.3267C>T	SNV
4	MN908947.3	5388	C	A	85	0	93	112996	0	93	0.99893	113117	0	True	cds-QHD43415.1	GCT	A	GAT	D	Ala	Asp	1708	ORF1ab	p.Ala1708Asp	A1708D	g.5388C>A	SNV
5	MN908947.3	5986	C	T	98	0	93	112984	0	93	0.998824	113117	0	True	cds-QHD43415.1	TTC	F	TTT	F	Phe	Phe	1907	ORF1ab	p.Phe1907Phe	F1907F	g.5986C>T	SNV
6	MN908947.3	6954	T	C	202	0	93	112898	0	93	0.998064	113117	0	True	cds-QHD43415.1	ATA	I	ACA	T	Ile	Thr	2230	ORF1ab	p.Ile2230Thr	I2230T	g.6954T>C	SNV
7	MN908947.3	11287	G	-TCTGGTTTT	113095	0	93	112258	0	20	0.992406	113117	0	True						Xaa	Xaa	3674	ORF1ab	NaN	NaN	NaN	NaN
8	MN908947.3	11296	T	G	84	0	93	715	0	93	0.832363	859	0	True	cds-QHD43415.1	TTT	F	TTG	L	Phe	Leu	3677	ORF1ab	p.Phe3677Leu	F3677L	g.11296T>G	SNV
9	MN908947.3	14408	C	T	15	0	93	113095	0	93	0.999832	113114	0	True	cds-QHD43415.1	CCT	P	CTT	L	Pro	Leu	4715	ORF1ab	p.Pro4715Leu	P4715L	g.14408C>T	SNV
10	MN908947.3	14676	C	T	47	0	93	113060	0	93	0.999496	113117	0	True	cds-QHD43415.1	CCC	P	CCT	P	Pro	Pro	4804	ORF1ab	p.Pro4804Pro	P4804P	g.14676C>T	SNV
11	MN908947.3	15279	C	T	80	0	93	113023	0	93	0.999178	113116	0	True	cds-QHD43415.1	CAC	H	CAT	H	His	His	5005	ORF1ab	p.His5005His	H5005H	g.15279C>T	SNV
12	MN908947.3	16176	T	C	75	0	93	113028	0	93	0.999213	113117	0	True	cds-QHD43415.1	ACT	T	ACC	T	Thr	Thr	5304	ORF1ab	p.Thr5304Thr	T5304T	g.16176T>C	SNV
13	MN908947.3	17615	A	G	79417	0	93	33640	0	93	0.297391	113117	0	True	cds-QHD43415.1	AAG	K	AGG	R	Lys	Arg	5784	ORF1ab	p.Lys5784Arg	K5784R	g.17615A>G	SNV
14	MN908947.3	21764	A	-TACATG	113061	0	93	112679	0	20	0.996128	113117	0	True						Xaa	Xaa	68	S	NaN	NaN	NaN	NaN
15	MN908947.3	21766	A	N	173	0	93	215	0	93	0.532178	404	0	True	cds-QHD43416.1	ATA	I	ATN	X	Ile	Xaa	68	S	p.Ile68Xaa	I68X	g.21766A>N	SNV
16	MN908947.3	21767	C	N	124	0	93	241	0	93	0.656676	367	0	True	cds-QHD43416.1	CAT	H	NAT	X	His	Xaa	69	S	p.His69Xaa	H69X	g.21767C>N	SNV
17	MN908947.3	21768	A	N	134	0	93	228	0	93	0.606383	376	0	True	cds-QHD43416.1	CAT	H	CNT	X	His	Xaa	69	S	p.His69Xaa	H69X	g.21768A>N	SNV
18	MN908947.3	21769	T	N	170	0	93	215	0	93	0.558442	385	0	True	cds-QHD43416.1	CAT	H	CAN	X	His	Xaa	69	S	p.His69Xaa	H69X	g.21769T>N	SNV
19	MN908947.3	21770	G	N	128	0	93	225	0	93	0.581395	387	0	True	cds-QHD43416.1	GTC	V	NTC	X	Val	Xaa	70	S	p.Val70Xaa	V70X	g.21770G>N	SNV
20	MN908947.3	21990	T	-TTA	112675	0	93	111980	0	20	0.989948	113117	0	True						Xaa	Xaa	143	S	NaN	NaN	NaN	NaN
21	MN908947.3	21991	T	N	699	0	93	357	0	93	0.338068	1056	0	True	cds-QHD43416.1	GTT	V	GTN	X	Val	Xaa	143	S	p.Val143Xaa	V143X	g.21991T>N	SNV
22	MN908947.3	21992	T	N	755	0	93	362	0	93	0.324082	1117	0	True	cds-QHD43416.1	TAT	Y	NAT	X	Tyr	Xaa	144	S	p.Tyr144Xaa	Y144X	g.21992T>N	SNV
23	MN908947.3	21993	A	N	404	0	93	450	0	93	0.402145	1119	0	True	cds-QHD43416.1	TAT	Y	TNT	X	Tyr	Xaa	144	S	p.Tyr144Xaa	Y144X	g.21993A>N	SNV
24	MN908947.3	23063	A	T	54	0	93	113031	0	93	0.99924	113117	0	True	cds-QHD43416.1	AAT	N	TAT	Y	Asn	Tyr	501	S	p.Asn501Tyr	N501Y	g.23063A>T	SNV
25	MN908947.3	23271	C	A	71	0	93	113039	0	93	0.99931	113117	0	True	cds-QHD43416.1	GCT	A	GAT	D	Ala	Asp	570	S	p.Ala570Asp	A570D	g.23271C>A	SNV
26	MN908947.3	23403	A	G	21	0	93	113095	0	93	0.999806	113117	0	True	cds-QHD43416.1	GAT	D	GGT	G	Asp	Gly	614	S	p.Asp614Gly	D614G	g.23403A>G	SNV
27	MN908947.3	23604	C	A	75	0	93	112938	0	93	0.998418	113117	0	True	cds-QHD43416.1	CCT	P	CAT	H	Pro	His	681	S	p.Pro681His	P681H	g.23604C>A	SNV
28	MN908947.3	23709	C	T	68	0	93	113030	0	93	0.999231	113117	0	True	cds-QHD43416.1	ACA	T	ATA	I	Thr	Ile	716	S	p.Thr716Ile	T716I	g.23709C>T	SNV
29	MN908947.3	24506	T	G	62	0	93	113047	0	93	0.999381	113117	0	True	cds-QHD43416.1	TCA	S	GCA	A	Ser	Ala	982	S	p.Ser982Ala	S982A	g.24506T>G	SNV
30	MN908947.3	24914	G	C	69	0	93	112951	0	93	0.998532	113117	0	True	cds-QHD43416.1	GAC	D	CAC	H	Asp	His	1118	S	p.Asp1118His	D1118H	g.24914G>C	SNV
31	MN908947.3	27972	C	T	109	0	93	112978	0	93	0.998842	113109	0	True	cds-QHD43422.1	CAA	Q	TAA	*	Gln	Ter	27	ORF8	p.Gln27Ter	Q27*	g.27972C>T	SNV
32	MN908947.3	28048	G	T	169	0	93	112923	0	93	0.998364	113108	0	True	cds-QHD43422.1	AGA	R	ATA	I	Arg	Ile	52	ORF8	p.Arg52Ile	R52I	g.28048G>T	SNV
33	MN908947.3	28111	A	G	75	0	93	113015	0	93	0.999169	113109	0	True	cds-QHD43422.1	TAC	Y	TGC	C	Tyr	Cys	73	ORF8	p.Tyr73Cys	Y73C	g.28111A>G	SNV
34	MN908947.3	28270	T	-A	113110	0	93	111025	0	20	0.981506	113117	0	True						Xaa	Xaa	NaN	NaN	p.XaaNaNdel	aliasname	g.28270del	deletion
35	MN908947.3	28280	G	C	372	0	93	112030	0	93	0.99039	113117	0	True	cds-QHD43423.2	GAT	D	CAT	H	Asp	His	3	N	p.Asp3His	D3H	g.28280G>C	SNV
36	MN908947.3	28281	A	T	375	0	93	112086	0	93	0.990886	113117	0	True	cds-QHD43423.2	GAT	D	GTT	V	Asp	Val	3	N	p.Asp3Val	D3V	g.28281A>T	SNV
37	MN908947.3	28282	T	A	337	0	93	112163	0	93	0.991566	113117	0	True	cds-QHD43423.2	GAT	D	GAA	E	Asp	Glu	3	N	p.Asp3Glu	D3E	g.28282T>A	SNV
38	MN908947.3	28881	G	A	191	0	93	111586	0	93	0.99772	111841	0	True	cds-QHD43423.2	AGG	R	AAG	K	Arg	Lys	203	N	p.Arg203Lys	R203K	g.28881G>A	SNV
39	MN908947.3	28882	G	A	195	0	93	111582	0	93	0.997684	111841	0	True	cds-QHD43423.2	AGG	R	AGA	R	Arg	Arg	203	N	p.Arg203Arg	R203R	g.28882G>A	SNV
40	MN908947.3	28883	G	C	188	0	93	111587	0	93	0.997729	111841	0	True	cds-QHD43423.2	GGA	G	CGA	R	Gly	Arg	204	N	p.Gly204Arg	G204R	g.28883G>C	SNV
41	MN908947.3	28977	C	T	57	0	93	112984	0	93	0.999239	113070	0	True	cds-QHD43423.2	TCT	S	TTT	F	Ser	Phe	235	N	p.Ser235Phe	S235F	g.28977C>T	SNV
42	MN908947.3	29867	T	N	6298	0	93	2788	0	93	0.302649	9212	0	True						Xaa	Xaa	65	3'UTR	p.Xaa65Xaa		g.29867T>N	SNV
43	MN908947.3	29868	G	N	6229	0	93	2708	0	93	0.301257	8989	0	True						Xaa	Xaa	65	3'UTR	p.Xaa65Xaa		g.29868G>N	SNV
