#https://github.com/sigven/vcf2tsv version=0.3.5																																																															
CHROM	POS	ID	REF	ALT	QUAL	FILTER	AB	ABP	AC	AF	AN	AO	CIGAR	DP	DPB	DPRA	EFF	END	EPP	EPPR	GTI	LEN	LOF	MEANALT	MIN_DP	MQM	MQMR	NMD	NS	NUMALT	ODDS	PAIRED	PAIREDR	PAO	PQA	PQR	PRO	QA	QR	RO	RPL	RPP	RPPR	RPR	RUN	SAF	SAP	SAR	SRF	SRP	SRR	TYPE	VCF_SAMPLE_ID	AD	AO	DP	GL	GQ	MIN_DP	QA	QR	RO	GT
MN908947.3	241	.	C	T	0	PASS	0	0	0	0	1	7493	1X	7496	7496	0	upstream_gene_variant(MODIFIER||25|c.-25C>T|7095|orf1ab|protein_coding|CODING|TRANSCRIPT_gene-orf1ab||T|WARNING_TRANSCRIPT_MULTIPLE_STOP_CODONS),intergenic_region(MODIFIER|||n.241C>T|||||||T)	.	16273.90039	7.35324	0	1	.	2	.	60	60	.	1	1	15577.09961	0	0	0	0	0	0	0	0	2	0	16273.90039	7.35324	7493	1	7493	16273.90039	0	2	7.35324	0	snp	unknown	27,493	7493	7496	0.0,-3.2533000194234774e-05	.	.	0	0	2	0/0
MN908947.3	733	.	T	C	0	PASS	0	0	0	0	1	7510	1X	7538	7538	0	synonymous_variant(LOW|SILENT|gaT/gaC|p.D156D/c.468T>C|7095|orf1ab|protein_coding|CODING|TRANSCRIPT_gene-orf1ab|1|C|WARNING_TRANSCRIPT_MULTIPLE_STOP_CODONS)	.	16310.7998	63.8115005	0	1	.	1	.	60	60	.	1	1	15558.40039	0	0	0	0	0	0	0	0	28	0	16310.7998	63.8115005	7510	1	7510	16310.7998	0	28	63.8115005	0	snp	unknown	287,510	7510	7538	0.0,-3.249389919801615e-05	.	.	0	0	28	0/0
MN908947.3	2749	.	C	T	0	PASS	0	0	0	0	1	7187	1X	7213	7213	0	synonymous_variant(LOW|SILENT|gaC/gaT|p.D828D/c.2484C>T|7095|orf1ab|protein_coding|CODING|TRANSCRIPT_gene-orf1ab|1|T|WARNING_TRANSCRIPT_MULTIPLE_STOP_CODONS)	.	10058.59961	59.4686012	0	1	.	1	.	60	60	.	1	1	10269.2002	0	0	0	0	0	0	0	0	26	709	10058.59961	59.4686012	6478	1	7187	15609.40039	0	26	59.4686012	0	snp	unknown	267,187	7187	7213	0.0,-3.109980025328696e-05	.	.	0	0	26	0/0
MN908947.3	3037	.	C	T	0	PASS	0	0	0	0	1	7537	1X	7538	7538	0	synonymous_variant(LOW|SILENT|ttC/ttT|p.F924F/c.2772C>T|7095|orf1ab|protein_coding|CODING|TRANSCRIPT_gene-orf1ab|1|T|WARNING_TRANSCRIPT_MULTIPLE_STOP_CODONS)	.	10776.2998	5.1817698	0	1	.	1	.	60	60	.	1	1	10969.09961	0	0	0	0	0	0	0	0	1	711	10776.2998	5.1817698	6826	1	7537	16369.40039	0	1	5.1817698	0	snp	unknown	17,537	7537	7538	0.0,-3.2728399673942477e-05	.	.	0	0	1	0/0
MN908947.3	3828	.	C	T	0	PASS	0	0	0	0	1	7481	1X	7528	7528	0	missense_variant(MODERATE|MISSENSE|tCa/tTa|p.S1188L/c.3563C>T|7095|orf1ab|protein_coding|CODING|TRANSCRIPT_gene-orf1ab|1|T|WARNING_TRANSCRIPT_MULTIPLE_STOP_CODONS)	.	16221.7002	105.0699997	0	1	.	1	.	60	60	.	1	1	15408.59961	0	0	0	0	0	0	0	0	47	3	16221.7002	105.0699997	7478	1	7481	16247.7998	0	47	105.0699997	0	snp	unknown	477,481	7481	7528	0.0,-3.228550122003071e-05	.	.	0	0	47	0/0
MN908947.3	5648	.	A	C	0	PASS	0	0	0	0	1	7533	1X	7536	7536	0	missense_variant(MODERATE|MISSENSE|Aaa/Caa|p.K1795Q/c.5383A>C|7095|orf1ab|protein_coding|CODING|TRANSCRIPT_gene-orf1ab|1|C|WARNING_TRANSCRIPT_MULTIPLE_STOP_CODONS)	.	16282.59961	9.5247202	0	1	.	1	.	60	60	.	1	1	15523.09961	0	0	0	0	0	0	0	0	3	9	16282.59961	9.5247202	7524	1	7533	16360.7002	0	3	9.5247202	0	snp	unknown	37,533	7533	7536	0.0,-3.270239903940819e-05	.	.	0	0	3	0/0
MN908947.3	6319	.	A	G	0	PASS	0	0	0	0	1	7473	1X	7491	7491	0	synonymous_variant(LOW|SILENT|ccA/ccG|p.P2018P/c.6054A>G|7095|orf1ab|protein_coding|CODING|TRANSCRIPT_gene-orf1ab|1|G|WARNING_TRANSCRIPT_MULTIPLE_STOP_CODONS)	.	16143.7002	33.4109001	0	1	.	2	.	60	60	.	1	1	15362.40039	0	0	0	0	0	0	0	0	14	10	16143.7002	33.4109001	7463	1	7473	16230.40039	0	14	33.4109001	0	snp	unknown	147,473	7473	7491	0.0,-3.239400029997341e-05	.	.	0	0	14	0/0
MN908947.3	6613	.	A	G	0	PASS	0	0	0	0	1	7516	1X	7538	7538	0	synonymous_variant(LOW|SILENT|gtA/gtG|p.V2116V/c.6348A>G|7095|orf1ab|protein_coding|CODING|TRANSCRIPT_gene-orf1ab|1|G|WARNING_TRANSCRIPT_MULTIPLE_STOP_CODONS)	.	16245.7002	42.4916	0	1	.	1	.	60	60	.	1	1	15454.5	0	0	0	0	0	0	0	0	22	9	16245.7002	42.4916	7507	1	7516	16323.7998	0	22	50.7826996	0	snp	unknown	227,516	7516	7538	0.0,-3.254599869251251e-05	.	.	0	0	22	0/0
MN908947.3	11287	.	GTCTGGTTTTA	GA	0	PASS	0	0	0	0	1	7200	1M9D1M	7428	1537.089966	0	conservative_inframe_deletion(MODERATE||tctggtttt/|p.S3675_F3677del/c.11023_11031delTCTGGTTTT|7095|orf1ab|protein_coding|CODING|TRANSCRIPT_gene-orf1ab|1|GA|WARNING_TRANSCRIPT_MULTIPLE_STOP_CODONS)	.	14621.09961	165.8710022	0	9	.	5	.	60	60	.	1	1	13610.2002	0	0	0	0	0	0	0	0	75	119	14621.09961	165.8710022	7081	1	7200	15637.59961	0	75	165.8710022	0	del	unknown	757,200	7200	7428	0.0,-3.0943501769797876e-05	.	.	0	0	75	0/0
MN908947.3	12778	.	C	T	0	PASS	0	0	0	0	1	7513	1X	7537	7537	0	synonymous_variant(LOW|SILENT|taC/taT|p.Y4171Y/c.12513C>T|7095|orf1ab|protein_coding|CODING|TRANSCRIPT_gene-orf1ab|1|T|WARNING_TRANSCRIPT_MULTIPLE_STOP_CODONS)	.	15157.40039	55.1255989	0	1	.	1	.	60	60	.	1	1	14219	0	0	0	0	0	0	0	0	24	136	15157.40039	55.1255989	7377	1	7513	16317.2998	0	24	55.1255989	0	snp	unknown	247,513	7513	7537	0.0,-3.252430178690702e-05	.	.	0	0	24	0/0
MN908947.3	13860	.	C	T	0	PASS	0	0	0	0	1	7518	1X	7536	7536	0	missense_variant(MODERATE|MISSENSE|aCa/aTa|p.T4532I/c.13595C>T|7095|orf1ab|protein_coding|CODING|TRANSCRIPT_gene-orf1ab|1|T|WARNING_TRANSCRIPT_MULTIPLE_STOP_CODONS)	.	15051.2998	42.0968018	0	1	.	1	.	60	60	.	1	1	14131.2998	0	0	0	0	0	0	0	0	18	150	15051.2998	42.0968018	7368	1	7518	16328.09961	0	18	42.0968018	0	snp	unknown	187,518	7518	7536	0.0,-3.2572101190453395e-05	.	.	0	0	18	0/0
MN908947.3	14408	.	C	T	0	PASS	0	0	0	0	1	7490	1X	7535	7535	0	synonymous_variant(LOW|SILENT|Cta/Tta|p.L4715L/c.14143C>T|7095|orf1ab|protein_coding|CODING|TRANSCRIPT_gene-orf1ab|1|T|WARNING_TRANSCRIPT_MULTIPLE_STOP_CODONS)	.	14593	100.7269974	0	1	.	1	.	60	60	.	1	1	13659.09961	0	0	0	0	0	0	0	0	45	198	14593	100.7269974	7292	1	7490	16267.2998	0	45	100.7269974	0	snp	unknown	457,490	7490	7535	0.0,-3.233319876017049e-05	.	.	0	0	45	0/0
MN908947.3	17259	.	G	T	0	PASS	0	0	0	0	1	7511	1X	7537	7537	0	missense_variant(MODERATE|MISSENSE|aGt/aTt|p.S5665I/c.16994G>T|7095|orf1ab|protein_coding|CODING|TRANSCRIPT_gene-orf1ab|1|T|WARNING_TRANSCRIPT_MULTIPLE_STOP_CODONS),upstream_gene_variant(MODIFIER||4304|c.-4304G>T|1273|S|protein_coding|CODING|TRANSCRIPT_gene-S||T)	.	16182.90039	59.4686012	0	1	.	1	.	60	60	.	1	1	15352.7002	0	0	0	0	0	0	0	0	26	7496	16182.90039	59.4686012	15	1	7511	16312.90039	0	26	59.4686012	0	snp	unknown	267,511	7511	7537	0.0,-3.25069013342727e-05	.	.	0	0	26	0/0
MN908947.3	21614	.	C	T	0	PASS	0	0	0	0	1	7528	1X	7536	7536	0	missense_variant(MODERATE|MISSENSE|Ctt/Ttt|p.L18F/c.52C>T|1273|S|protein_coding|CODING|TRANSCRIPT_gene-S|1|T),upstream_gene_variant(MODIFIER||3779|c.-3779C>T|275|ORF3a|protein_coding|CODING|TRANSCRIPT_gene-ORF3a||T),upstream_gene_variant(MODIFIER||4631|c.-4631C>T|75|E|protein_coding|CODING|TRANSCRIPT_gene-E||T),upstream_gene_variant(MODIFIER||4909|c.-4909C>T|222|M|protein_coding|CODING|TRANSCRIPT_gene-M||T),downstream_gene_variant(MODIFIER||59|c.*59C>T|7095|orf1ab|protein_coding|CODING|TRANSCRIPT_gene-orf1ab||T|WARNING_TRANSCRIPT_MULTIPLE_STOP_CODONS)	.	15577.5	20.3820992	0	1	.	1	.	60	60	.	1	1	14668	0	0	0	0	0	0	0	0	8	7438	15577.5	20.3820992	90	1	7528	16349.90039	0	8	20.3820992	0	snp	unknown	87,528	7528	7536	0.0,-3.2658899726811796e-05	.	.	0	0	8	0/0
MN908947.3	21621	.	C	A	0	PASS	0	0	0	0	1	7520	1X	7536	7536	0	missense_variant(MODERATE|MISSENSE|aCc/aAc|p.T20N/c.59C>A|1273|S|protein_coding|CODING|TRANSCRIPT_gene-S|1|A),upstream_gene_variant(MODIFIER||3772|c.-3772C>A|275|ORF3a|protein_coding|CODING|TRANSCRIPT_gene-ORF3a||A),upstream_gene_variant(MODIFIER||4624|c.-4624C>A|75|E|protein_coding|CODING|TRANSCRIPT_gene-E||A),upstream_gene_variant(MODIFIER||4902|c.-4902C>A|222|M|protein_coding|CODING|TRANSCRIPT_gene-M||A),downstream_gene_variant(MODIFIER||66|c.*66C>A|7095|orf1ab|protein_coding|CODING|TRANSCRIPT_gene-orf1ab||A|WARNING_TRANSCRIPT_MULTIPLE_STOP_CODONS)	.	15560.09961	37.7538986	0	1	.	1	.	60	60	.	1	1	14634.90039	0	0	0	0	0	0	0	0	16	7430	15560.09961	37.7538986	90	1	7520	16332.5	0	16	37.7538986	0	snp	unknown	167,520	7520	7536	0.0,-3.2589501643087715e-05	.	.	0	0	16	0/0
MN908947.3	21638	.	C	T	0	PASS	0	0	0	0	1	7528	1X	7533	7533	0	missense_variant(MODERATE|MISSENSE|Cct/Tct|p.P26S/c.76C>T|1273|S|protein_coding|CODING|TRANSCRIPT_gene-S|1|T),upstream_gene_variant(MODIFIER||3755|c.-3755C>T|275|ORF3a|protein_coding|CODING|TRANSCRIPT_gene-ORF3a||T),upstream_gene_variant(MODIFIER||4607|c.-4607C>T|75|E|protein_coding|CODING|TRANSCRIPT_gene-E||T),upstream_gene_variant(MODIFIER||4885|c.-4885C>T|222|M|protein_coding|CODING|TRANSCRIPT_gene-M||T),downstream_gene_variant(MODIFIER||83|c.*83C>T|7095|orf1ab|protein_coding|CODING|TRANSCRIPT_gene-orf1ab||T|WARNING_TRANSCRIPT_MULTIPLE_STOP_CODONS)	.	15577.5	11.6962004	0	1	.	2	.	60	60	.	1	1	14676.2998	0	0	0	0	0	0	0	0	4	7438	15577.5	11.6962004	90	1	7528	16349.90039	0	4	11.6962004	0	snp	unknown	47,528	7528	7533	0.0,-3.2676300179446116e-05	.	.	0	0	4	0/0
MN908947.3	21974	.	G	T	0	PASS	0	0	0	0	1	7448	1X	7521	7521	0	missense_variant(MODERATE|MISSENSE|Gat/Tat|p.D138Y/c.412G>T|1273|S|protein_coding|CODING|TRANSCRIPT_gene-S|1|T),upstream_gene_variant(MODIFIER||3419|c.-3419G>T|275|ORF3a|protein_coding|CODING|TRANSCRIPT_gene-ORF3a||T),upstream_gene_variant(MODIFIER||4271|c.-4271G>T|75|E|protein_coding|CODING|TRANSCRIPT_gene-E||T),upstream_gene_variant(MODIFIER||4549|c.-4549G>T|222|M|protein_coding|CODING|TRANSCRIPT_gene-M||T),downstream_gene_variant(MODIFIER||419|c.*419G>T|7095|orf1ab|protein_coding|CODING|TRANSCRIPT_gene-orf1ab||T|WARNING_TRANSCRIPT_MULTIPLE_STOP_CODONS)	.	15420.7998	159.3560028	0	1	.	2	.	60	60	.	1	1	14388.2002	0	0	0	0	0	0	0	0	72	7360	15420.7998	159.3560028	88	1	7448	16176.09961	0	72	159.3560028	0	snp	unknown	727,448	7448	7521	0.0,-3.2033600291470066e-05	.	.	0	0	72	0/0
MN908947.3	22132	.	G	T	0	PASS	0	0	0	0	1	7443	1X	7528	7528	0	missense_variant(MODERATE|MISSENSE|agG/agT|p.R190S/c.570G>T|1273|S|protein_coding|CODING|TRANSCRIPT_gene-S|1|T),upstream_gene_variant(MODIFIER||3261|c.-3261G>T|275|ORF3a|protein_coding|CODING|TRANSCRIPT_gene-ORF3a||T),upstream_gene_variant(MODIFIER||4113|c.-4113G>T|75|E|protein_coding|CODING|TRANSCRIPT_gene-E||T),upstream_gene_variant(MODIFIER||4391|c.-4391G>T|222|M|protein_coding|CODING|TRANSCRIPT_gene-M||T),downstream_gene_variant(MODIFIER||577|c.*577G>T|7095|orf1ab|protein_coding|CODING|TRANSCRIPT_gene-orf1ab||T|WARNING_TRANSCRIPT_MULTIPLE_STOP_CODONS)	.	15443.90039	146.7109985	0	1	.	1	.	60	60	.	1	1	14421	0	0	0	0	0	0	0	0	85	7359	15443.90039	146.7109985	84	1	7443	16165.2998	0	85	187.5850067	0	snp	unknown	857,443	7443	7528	0.0,-3.195539829903282e-05	.	.	0	0	85	0/0
MN908947.3	22812	.	A	C	0	PASS	0	0	0	0	1	7223	1X	7433	7433	0	missense_variant(MODERATE|MISSENSE|aAg/aCg|p.K417T/c.1250A>C|1273|S|protein_coding|CODING|TRANSCRIPT_gene-S|1|C),upstream_gene_variant(MODIFIER||2581|c.-2581A>C|275|ORF3a|protein_coding|CODING|TRANSCRIPT_gene-ORF3a||C),upstream_gene_variant(MODIFIER||3433|c.-3433A>C|75|E|protein_coding|CODING|TRANSCRIPT_gene-E||C),upstream_gene_variant(MODIFIER||3711|c.-3711A>C|222|M|protein_coding|CODING|TRANSCRIPT_gene-M||C),upstream_gene_variant(MODIFIER||4390|c.-4390A>C|61|ORF6|protein_coding|CODING|TRANSCRIPT_gene-ORF6||C),upstream_gene_variant(MODIFIER||4582|c.-4582A>C|121|ORF7a|protein_coding|CODING|TRANSCRIPT_gene-ORF7a||C),downstream_gene_variant(MODIFIER||1257|c.*1257A>C|7095|orf1ab|protein_coding|CODING|TRANSCRIPT_gene-orf1ab||C|WARNING_TRANSCRIPT_MULTIPLE_STOP_CODONS)	.	14679.40039	441.8129883	0	1	.	1	.	60	60	.	1	1	13404.7002	0	0	0	0	0	0	0	0	210	7105	14679.40039	441.8129883	118	1	7223	15687.59961	0	210	459.019989	0	snp	unknown	2,107,223	7223	7433	0.0,-3.0457100365310907e-05	.	.	0	0	210	0/0
MN908947.3	23012	.	G	A	0	PASS	0	0	0	0	1	7512	1X	7533	7533	0	missense_variant(MODERATE|MISSENSE|Gaa/Aaa|p.E484K/c.1450G>A|1273|S|protein_coding|CODING|TRANSCRIPT_gene-S|1|A),upstream_gene_variant(MODIFIER||2381|c.-2381G>A|275|ORF3a|protein_coding|CODING|TRANSCRIPT_gene-ORF3a||A),upstream_gene_variant(MODIFIER||3233|c.-3233G>A|75|E|protein_coding|CODING|TRANSCRIPT_gene-E||A),upstream_gene_variant(MODIFIER||3511|c.-3511G>A|222|M|protein_coding|CODING|TRANSCRIPT_gene-M||A),upstream_gene_variant(MODIFIER||4190|c.-4190G>A|61|ORF6|protein_coding|CODING|TRANSCRIPT_gene-ORF6||A),upstream_gene_variant(MODIFIER||4382|c.-4382G>A|121|ORF7a|protein_coding|CODING|TRANSCRIPT_gene-ORF7a||A),upstream_gene_variant(MODIFIER||4882|c.-4882G>A|121|ORF8|protein_coding|CODING|TRANSCRIPT_gene-ORF8||A),downstream_gene_variant(MODIFIER||1457|c.*1457G>A|7095|orf1ab|protein_coding|CODING|TRANSCRIPT_gene-orf1ab||A|WARNING_TRANSCRIPT_MULTIPLE_STOP_CODONS)	.	15255.7998	48.6111984	0	1	.	1	.	60	60	.	1	1	14320	0	0	0	0	0	0	0	0	21	7388	15255.7998	48.6111984	124	1	7512	16315.09961	0	21	48.6111984	0	snp	unknown	217,512	7512	7533	0.0,-3.2533000194234774e-05	.	.	0	0	21	0/0
MN908947.3	23063	.	A	T	0	PASS	0	0	0	0	1	7516	1X	7529	7529	0	missense_variant(MODERATE|MISSENSE|Aat/Tat|p.N501Y/c.1501A>T|1273|S|protein_coding|CODING|TRANSCRIPT_gene-S|1|T),upstream_gene_variant(MODIFIER||2330|c.-2330A>T|275|ORF3a|protein_coding|CODING|TRANSCRIPT_gene-ORF3a||T),upstream_gene_variant(MODIFIER||3182|c.-3182A>T|75|E|protein_coding|CODING|TRANSCRIPT_gene-E||T),upstream_gene_variant(MODIFIER||3460|c.-3460A>T|222|M|protein_coding|CODING|TRANSCRIPT_gene-M||T),upstream_gene_variant(MODIFIER||4139|c.-4139A>T|61|ORF6|protein_coding|CODING|TRANSCRIPT_gene-ORF6||T),upstream_gene_variant(MODIFIER||4331|c.-4331A>T|121|ORF7a|protein_coding|CODING|TRANSCRIPT_gene-ORF7a||T),upstream_gene_variant(MODIFIER||4831|c.-4831A>T|121|ORF8|protein_coding|CODING|TRANSCRIPT_gene-ORF8||T),downstream_gene_variant(MODIFIER||1508|c.*1508A>T|7095|orf1ab|protein_coding|CODING|TRANSCRIPT_gene-orf1ab||T|WARNING_TRANSCRIPT_MULTIPLE_STOP_CODONS)	.	15264.5	31.2394009	0	1	.	1	.	60	60	.	1	1	14344.7998	0	0	0	0	0	0	0	0	13	7392	15264.5	31.2394009	124	1	7516	16323.7998	0	13	31.2394009	0	snp	unknown	137,516	7516	7529	0.0,-3.2585099688731134e-05	.	.	0	0	13	0/0
MN908947.3	23403	.	A	G	0	PASS	0	0	0	0	1	7516	1X	7538	7538	0	missense_variant(MODERATE|MISSENSE|gAt/gGt|p.D614G/c.1841A>G|1273|S|protein_coding|CODING|TRANSCRIPT_gene-S|1|G),upstream_gene_variant(MODIFIER||1990|c.-1990A>G|275|ORF3a|protein_coding|CODING|TRANSCRIPT_gene-ORF3a||G),upstream_gene_variant(MODIFIER||2842|c.-2842A>G|75|E|protein_coding|CODING|TRANSCRIPT_gene-E||G),upstream_gene_variant(MODIFIER||3120|c.-3120A>G|222|M|protein_coding|CODING|TRANSCRIPT_gene-M||G),upstream_gene_variant(MODIFIER||3799|c.-3799A>G|61|ORF6|protein_coding|CODING|TRANSCRIPT_gene-ORF6||G),upstream_gene_variant(MODIFIER||3991|c.-3991A>G|121|ORF7a|protein_coding|CODING|TRANSCRIPT_gene-ORF7a||G),upstream_gene_variant(MODIFIER||4491|c.-4491A>G|121|ORF8|protein_coding|CODING|TRANSCRIPT_gene-ORF8||G),upstream_gene_variant(MODIFIER||4871|c.-4871A>G|419|N|protein_coding|CODING|TRANSCRIPT_gene-N||G),downstream_gene_variant(MODIFIER||1848|c.*1848A>G|7095|orf1ab|protein_coding|CODING|TRANSCRIPT_gene-orf1ab||G|WARNING_TRANSCRIPT_MULTIPLE_STOP_CODONS)	.	15264.5	50.7826996	0	1	.	1	.	60	60	.	1	1	14326.09961	0	0	0	0	0	0	0	0	22	7392	15264.5	50.7826996	124	1	7516	16323.7998	0	22	50.7826996	0	snp	unknown	227,516	7516	7538	0.0,-3.254599869251251e-05	.	.	0	0	22	0/0
MN908947.3	23525	.	C	T	0	PASS	0	0	0	0	1	7526	1X	7538	7538	0	missense_variant(MODERATE|MISSENSE|Cat/Tat|p.H655Y/c.1963C>T|1273|S|protein_coding|CODING|TRANSCRIPT_gene-S|1|T),upstream_gene_variant(MODIFIER||1868|c.-1868C>T|275|ORF3a|protein_coding|CODING|TRANSCRIPT_gene-ORF3a||T),upstream_gene_variant(MODIFIER||2720|c.-2720C>T|75|E|protein_coding|CODING|TRANSCRIPT_gene-E||T),upstream_gene_variant(MODIFIER||2998|c.-2998C>T|222|M|protein_coding|CODING|TRANSCRIPT_gene-M||T),upstream_gene_variant(MODIFIER||3677|c.-3677C>T|61|ORF6|protein_coding|CODING|TRANSCRIPT_gene-ORF6||T),upstream_gene_variant(MODIFIER||3869|c.-3869C>T|121|ORF7a|protein_coding|CODING|TRANSCRIPT_gene-ORF7a||T),upstream_gene_variant(MODIFIER||4369|c.-4369C>T|121|ORF8|protein_coding|CODING|TRANSCRIPT_gene-ORF8||T),upstream_gene_variant(MODIFIER||4749|c.-4749C>T|419|N|protein_coding|CODING|TRANSCRIPT_gene-N||T),downstream_gene_variant(MODIFIER||1970|c.*1970C>T|7095|orf1ab|protein_coding|CODING|TRANSCRIPT_gene-orf1ab||T|WARNING_TRANSCRIPT_MULTIPLE_STOP_CODONS)	.	15286.2002	29.0680008	0	1	.	1	.	60	60	.	1	1	14367.40039	0	0	0	0	0	0	0	0	12	7402	15286.2002	29.0680008	124	1	7526	16345.5	0	12	29.0680008	0	snp	unknown	127,526	7526	7538	0.0,-3.263289909227751e-05	.	.	0	0	12	0/0
MN908947.3	24642	.	C	T	0	PASS	0	0	0	0	1	7473	1X	7530	7530	0	missense_variant(MODERATE|MISSENSE|aCt/aTt|p.T1027I/c.3080C>T|1273|S|protein_coding|CODING|TRANSCRIPT_gene-S|1|T),upstream_gene_variant(MODIFIER||751|c.-751C>T|275|ORF3a|protein_coding|CODING|TRANSCRIPT_gene-ORF3a||T),upstream_gene_variant(MODIFIER||1603|c.-1603C>T|75|E|protein_coding|CODING|TRANSCRIPT_gene-E||T),upstream_gene_variant(MODIFIER||1881|c.-1881C>T|222|M|protein_coding|CODING|TRANSCRIPT_gene-M||T),upstream_gene_variant(MODIFIER||2560|c.-2560C>T|61|ORF6|protein_coding|CODING|TRANSCRIPT_gene-ORF6||T),upstream_gene_variant(MODIFIER||2752|c.-2752C>T|121|ORF7a|protein_coding|CODING|TRANSCRIPT_gene-ORF7a||T),upstream_gene_variant(MODIFIER||3252|c.-3252C>T|121|ORF8|protein_coding|CODING|TRANSCRIPT_gene-ORF8||T),upstream_gene_variant(MODIFIER||3632|c.-3632C>T|419|N|protein_coding|CODING|TRANSCRIPT_gene-N||T),upstream_gene_variant(MODIFIER||4916|c.-4916C>T|38|ORF10|protein_coding|CODING|TRANSCRIPT_gene-ORF10||T),downstream_gene_variant(MODIFIER||3087|c.*3087C>T|7095|orf1ab|protein_coding|CODING|TRANSCRIPT_gene-orf1ab||T|WARNING_TRANSCRIPT_MULTIPLE_STOP_CODONS)	.	15238.5	126.7839966	0	1	.	1	.	60	60	.	1	1	14231.09961	0	0	0	0	0	0	0	0	57	7357	15238.5	126.7839966	116	1	7473	16230.40039	0	57	126.7839966	0	snp	unknown	577,473	7473	7530	0.0,-3.220729922759347e-05	.	.	0	0	57	0/0
MN908947.3	25088	.	G	T	0	PASS	0	0	0	0	1	7507	1X	7538	7538	0	missense_variant(MODERATE|MISSENSE|Gtt/Ttt|p.V1176F/c.3526G>T|1273|S|protein_coding|CODING|TRANSCRIPT_gene-S|1|T),upstream_gene_variant(MODIFIER||305|c.-305G>T|275|ORF3a|protein_coding|CODING|TRANSCRIPT_gene-ORF3a||T),upstream_gene_variant(MODIFIER||1157|c.-1157G>T|75|E|protein_coding|CODING|TRANSCRIPT_gene-E||T),upstream_gene_variant(MODIFIER||1435|c.-1435G>T|222|M|protein_coding|CODING|TRANSCRIPT_gene-M||T),upstream_gene_variant(MODIFIER||2114|c.-2114G>T|61|ORF6|protein_coding|CODING|TRANSCRIPT_gene-ORF6||T),upstream_gene_variant(MODIFIER||2306|c.-2306G>T|121|ORF7a|protein_coding|CODING|TRANSCRIPT_gene-ORF7a||T),upstream_gene_variant(MODIFIER||2806|c.-2806G>T|121|ORF8|protein_coding|CODING|TRANSCRIPT_gene-ORF8||T),upstream_gene_variant(MODIFIER||3186|c.-3186G>T|419|N|protein_coding|CODING|TRANSCRIPT_gene-N||T),upstream_gene_variant(MODIFIER||4470|c.-4470G>T|38|ORF10|protein_coding|CODING|TRANSCRIPT_gene-ORF10||T),downstream_gene_variant(MODIFIER||3533|c.*3533G>T|7095|orf1ab|protein_coding|CODING|TRANSCRIPT_gene-orf1ab||T|WARNING_TRANSCRIPT_MULTIPLE_STOP_CODONS)	.	15830	70.3258972	0	1	.	1	.	60	60	.	1	1	14901.40039	0	0	0	0	0	0	0	0	31	7452	15830	70.3258972	55	1	7507	16304.2998	0	31	70.3258972	0	snp	unknown	317,507	7507	7538	0.0,-3.246789856348187e-05	.	.	0	0	31	0/0
MN908947.3	26149	.	T	C	0	PASS	0	0	0	0	1	7514	1X	7537	7537	0	missense_variant(MODERATE|MISSENSE|Tcc/Ccc|p.S253P/c.757T>C|275|ORF3a|protein_coding|CODING|TRANSCRIPT_gene-ORF3a|1|C),upstream_gene_variant(MODIFIER||96|c.-96T>C|75|E|protein_coding|CODING|TRANSCRIPT_gene-E||C),upstream_gene_variant(MODIFIER||374|c.-374T>C|222|M|protein_coding|CODING|TRANSCRIPT_gene-M||C),upstream_gene_variant(MODIFIER||1053|c.-1053T>C|61|ORF6|protein_coding|CODING|TRANSCRIPT_gene-ORF6||C),upstream_gene_variant(MODIFIER||1245|c.-1245T>C|121|ORF7a|protein_coding|CODING|TRANSCRIPT_gene-ORF7a||C),upstream_gene_variant(MODIFIER||1745|c.-1745T>C|121|ORF8|protein_coding|CODING|TRANSCRIPT_gene-ORF8||C),upstream_gene_variant(MODIFIER||2125|c.-2125T>C|419|N|protein_coding|CODING|TRANSCRIPT_gene-N||C),upstream_gene_variant(MODIFIER||3409|c.-3409T>C|38|ORF10|protein_coding|CODING|TRANSCRIPT_gene-ORF10||C),downstream_gene_variant(MODIFIER||4594|c.*4594T>C|7095|orf1ab|protein_coding|CODING|TRANSCRIPT_gene-orf1ab||C|WARNING_TRANSCRIPT_MULTIPLE_STOP_CODONS),downstream_gene_variant(MODIFIER||765|c.*765T>C|1273|S|protein_coding|CODING|TRANSCRIPT_gene-S||C)	.	15948.09961	52.9542007	0	1	.	1	.	60	60	.	1	1	15052.90039	0	0	0	0	0	0	0	0	23	7471	15948.09961	52.9542007	43	1	7514	16319.5	0	23	52.9542007	0	snp	unknown	237,514	7514	7537	0.0,-3.2533000194234774e-05	.	.	0	0	23	0/0
MN908947.3	28167	.	G	A	0	PASS	0	0	0	0	1	7472	1X	7511	7511	0	missense_variant(MODERATE|MISSENSE|Gaa/Aaa|p.E92K/c.274G>A|121|ORF8|protein_coding|CODING|TRANSCRIPT_gene-ORF8|1|A),upstream_gene_variant(MODIFIER||107|c.-107G>A|419|N|protein_coding|CODING|TRANSCRIPT_gene-N||A),upstream_gene_variant(MODIFIER||1391|c.-1391G>A|38|ORF10|protein_coding|CODING|TRANSCRIPT_gene-ORF10||A),downstream_gene_variant(MODIFIER||2783|c.*2783G>A|1273|S|protein_coding|CODING|TRANSCRIPT_gene-S||A),downstream_gene_variant(MODIFIER||1947|c.*1947G>A|275|ORF3a|protein_coding|CODING|TRANSCRIPT_gene-ORF3a||A),downstream_gene_variant(MODIFIER||1695|c.*1695G>A|75|E|protein_coding|CODING|TRANSCRIPT_gene-E||A),downstream_gene_variant(MODIFIER||976|c.*976G>A|222|M|protein_coding|CODING|TRANSCRIPT_gene-M||A),downstream_gene_variant(MODIFIER||780|c.*780G>A|61|ORF6|protein_coding|CODING|TRANSCRIPT_gene-ORF6||A),downstream_gene_variant(MODIFIER||408|c.*408G>A|121|ORF7a|protein_coding|CODING|TRANSCRIPT_gene-ORF7a||A)	.	15779.7002	87.6977005	0	1	.	1	.	60	60	.	1	1	14842	0	0	0	0	0	0	0	0	39	7420	15779.7002	87.6977005	52	1	7472	16228.2998	0	39	87.6977005	0	snp	unknown	397,472	7472	7511	0.0,-3.228109926567413e-05	.	.	0	0	39	0/0
MN908947.3	28262	.	GAACAAACT	GAACAAACAAACT	0	PASS	0	0	0	0	1	6689	1M4I8M	7359	10357.7002	0	upstream_gene_variant(MODIFIER||4|c.-5_-4insAAAC|419|N|protein_coding|CODING|TRANSCRIPT_gene-N||GAACAAACAAACT),upstream_gene_variant(MODIFIER||1288|c.-1289_-1288insAAAC|38|ORF10|protein_coding|CODING|TRANSCRIPT_gene-ORF10||GAACAAACAAACT),downstream_gene_variant(MODIFIER||2886|c.*2885_*2886insAAAC|1273|S|protein_coding|CODING|TRANSCRIPT_gene-S||GAACAAACAAACT),downstream_gene_variant(MODIFIER||2050|c.*2049_*2050insAAAC|275|ORF3a|protein_coding|CODING|TRANSCRIPT_gene-ORF3a||GAACAAACAAACT),downstream_gene_variant(MODIFIER||1798|c.*1797_*1798insAAAC|75|E|protein_coding|CODING|TRANSCRIPT_gene-E||GAACAAACAAACT),downstream_gene_variant(MODIFIER||1079|c.*1078_*1079insAAAC|222|M|protein_coding|CODING|TRANSCRIPT_gene-M||GAACAAACAAACT),downstream_gene_variant(MODIFIER||883|c.*882_*883insAAAC|61|ORF6|protein_coding|CODING|TRANSCRIPT_gene-ORF6||GAACAAACAAACT),downstream_gene_variant(MODIFIER||511|c.*510_*511insAAAC|121|ORF7a|protein_coding|CODING|TRANSCRIPT_gene-ORF7a||GAACAAACAAACT),downstream_gene_variant(MODIFIER||11|c.*10_*11insAAAC|121|ORF8|protein_coding|CODING|TRANSCRIPT_gene-ORF8||GAACAAACAAACT),intergenic_region(MODIFIER|||n.28269_28270insAAAC|||||||GAACAAACAAACT)	.	14122.59961	1323.609985	0	4	.	11	.	60	60	.	1	1	12104.2998	0	0	0	0	0	0	0	0	628	6642	14122.59961	1323.609985	47	1	6689	14528	0	628	1366.689941	0	ins	unknown	6,286,689	6689	7359	0.0,-2.6322599296690896e-05	.	.	0	0	628	0/0
MN908947.3	28512	.	C	G	0	PASS	0	0	0	0	1	7511	1X	7537	7537	0	missense_variant(MODERATE|MISSENSE|cCa/cGa|p.P80R/c.239C>G|419|N|protein_coding|CODING|TRANSCRIPT_gene-N|1|G),upstream_gene_variant(MODIFIER||1046|c.-1046C>G|38|ORF10|protein_coding|CODING|TRANSCRIPT_gene-ORF10||G),downstream_gene_variant(MODIFIER||3128|c.*3128C>G|1273|S|protein_coding|CODING|TRANSCRIPT_gene-S||G),downstream_gene_variant(MODIFIER||2292|c.*2292C>G|275|ORF3a|protein_coding|CODING|TRANSCRIPT_gene-ORF3a||G),downstream_gene_variant(MODIFIER||2040|c.*2040C>G|75|E|protein_coding|CODING|TRANSCRIPT_gene-E||G),downstream_gene_variant(MODIFIER||1321|c.*1321C>G|222|M|protein_coding|CODING|TRANSCRIPT_gene-M||G),downstream_gene_variant(MODIFIER||1125|c.*1125C>G|61|ORF6|protein_coding|CODING|TRANSCRIPT_gene-ORF6||G),downstream_gene_variant(MODIFIER||753|c.*753C>G|121|ORF7a|protein_coding|CODING|TRANSCRIPT_gene-ORF7a||G),downstream_gene_variant(MODIFIER||253|c.*253C>G|121|ORF8|protein_coding|CODING|TRANSCRIPT_gene-ORF8||G)	.	15778.90039	59.4686012	0	1	.	1	.	60	60	.	1	1	14852.2998	0	0	0	0	0	0	0	0	26	7449	15778.90039	59.4686012	62	1	7511	16312.90039	0	26	59.4686012	0	snp	unknown	267,511	7511	7537	0.0,-3.25069013342727e-05	.	.	0	0	26	0/0
MN908947.3	28877	.	AGTAGGG	TCTAAAC	0	PASS	0	0	0	0	1	7031	2X2M3X	7079	7079	0	missense_variant(MODERATE||agtagggga/TCTAAACga|p.RG203KR/c.604_610delAGTAGGGinsTCTAAAC|419|N|protein_coding|CODING|TRANSCRIPT_gene-N|1|TCTAAAC),upstream_gene_variant(MODIFIER||681|c.-681_-675delAGTAGGGinsTCTAAAC|38|ORF10|protein_coding|CODING|TRANSCRIPT_gene-ORF10||TCTAAAC),downstream_gene_variant(MODIFIER||3493|c.*3493_*3499delAGTAGGGinsTCTAAAC|1273|S|protein_coding|CODING|TRANSCRIPT_gene-S||TCTAAAC),downstream_gene_variant(MODIFIER||2657|c.*2657_*2663delAGTAGGGinsTCTAAAC|275|ORF3a|protein_coding|CODING|TRANSCRIPT_gene-ORF3a||TCTAAAC),downstream_gene_variant(MODIFIER||2405|c.*2405_*2411delAGTAGGGinsTCTAAAC|75|E|protein_coding|CODING|TRANSCRIPT_gene-E||TCTAAAC),downstream_gene_variant(MODIFIER||1686|c.*1686_*1692delAGTAGGGinsTCTAAAC|222|M|protein_coding|CODING|TRANSCRIPT_gene-M||TCTAAAC),downstream_gene_variant(MODIFIER||1490|c.*1490_*1496delAGTAGGGinsTCTAAAC|61|ORF6|protein_coding|CODING|TRANSCRIPT_gene-ORF6||TCTAAAC),downstream_gene_variant(MODIFIER||1118|c.*1118_*1124delAGTAGGGinsTCTAAAC|121|ORF7a|protein_coding|CODING|TRANSCRIPT_gene-ORF7a||TCTAAAC),downstream_gene_variant(MODIFIER||618|c.*618_*624delAGTAGGGinsTCTAAAC|121|ORF8|protein_coding|CODING|TRANSCRIPT_gene-ORF8||TCTAAAC)	.	14856.59961	33.4109001	0	7	.	9	.	60	60	.	1	1	14022.7002	0	0	0	0	0	0	0	0	14	6983	14856.59961	33.4109001	48	1	7031	15270.59961	0	14	33.4109001	0	complex	unknown	147,031	7031	7079	0.0,-3.0474400773528032e-05	.	.	0	0	14	0/0
MN908947.3	29834	.	T	A	0	PASS	0	0	0	0	1	3430	1X	3843	3843	0	downstream_gene_variant(MODIFIER||4450|c.*4450T>A|1273|S|protein_coding|CODING|TRANSCRIPT_gene-S||A),downstream_gene_variant(MODIFIER||3614|c.*3614T>A|275|ORF3a|protein_coding|CODING|TRANSCRIPT_gene-ORF3a||A),downstream_gene_variant(MODIFIER||3362|c.*3362T>A|75|E|protein_coding|CODING|TRANSCRIPT_gene-E||A),downstream_gene_variant(MODIFIER||2643|c.*2643T>A|222|M|protein_coding|CODING|TRANSCRIPT_gene-M||A),downstream_gene_variant(MODIFIER||2447|c.*2447T>A|61|ORF6|protein_coding|CODING|TRANSCRIPT_gene-ORF6||A),downstream_gene_variant(MODIFIER||2075|c.*2075T>A|121|ORF7a|protein_coding|CODING|TRANSCRIPT_gene-ORF7a||A),downstream_gene_variant(MODIFIER||1575|c.*1575T>A|121|ORF8|protein_coding|CODING|TRANSCRIPT_gene-ORF8||A),downstream_gene_variant(MODIFIER||301|c.*301T>A|419|N|protein_coding|CODING|TRANSCRIPT_gene-N||A),downstream_gene_variant(MODIFIER||160|c.*160T>A|38|ORF10|protein_coding|CODING|TRANSCRIPT_gene-ORF10||A),intergenic_region(MODIFIER|||n.29834T>A|||||||A)	.	7451.160156	899.8280029	0	1	.	1	.	60	60	.	1	1	6273.680176	0	0	0	0	0	0	0	0	413	3430	7451.160156	899.8280029	0	1	3430	7451.160156	0	413	899.8280029	0	snp	unknown	4,133,430	3430	3843	0.0,-1.3102699995215517e-05	.	.	0	0	413	0/0