REGION	POS	REF	ALT	REF_DP	REF_RV	REF_QUAL	ALT_DP	ALT_RV	ALT_QUAL	ALT_FREQ	TOTAL_DP	PVAL	PASS	GFF_FEATURE	REF_CODON	REF_AA	ALT_CODON	ALT_AA
MN908947.3	241	C	T	0	0	0	581	0	93	0.998282	582	0	TRUE	NA	NA	NA	NA	NA
MN908947.3	733	T	C	0	0	0	613	0	93	0.996748	615	0	TRUE	NA	NA	NA	NA	NA
MN908947.3	2749	C	T	3	0	93	578	0	93	0.94599	611	0	TRUE	NA	NA	NA	NA	NA
MN908947.3	3037	C	T	0	0	0	613	0	93	0.998371	614	0	TRUE	NA	NA	NA	NA	NA
MN908947.3	3828	C	T	6	0	93	600	0	93	0.977199	614	0	TRUE	NA	NA	NA	NA	NA
MN908947.3	5648	A	C	1	0	93	611	0	93	0.995114	614	0	TRUE	NA	NA	NA	NA	NA
MN908947.3	6319	A	G	0	0	0	593	0	93	0.964228	615	0	TRUE	NA	NA	NA	NA	NA
MN908947.3	6613	A	G	2	0	93	612	0	93	0.996743	614	0	TRUE	NA	NA	NA	NA	NA
MN908947.3	11287	G	-TCTGGTTTT	615	0	93	567	0	20	0.921951	615	8.53949e-120	TRUE	NA	NA	NA	NA	NA
MN908947.3	11288	T	N	35	0	93	12	0	93	0.255319	47	3.97773e-15	TRUE	NA	NA	NA	NA	NA
MN908947.3	11296	T	N	0	0	0	12	0	93	0.255319	47	1.47067e-25	TRUE	NA	NA	NA	NA	NA
MN908947.3	11296	T	G	0	0	0	35	0	93	0.744681	47	9.79662e-59	TRUE	NA	NA	NA	NA	NA
MN908947.3	12778	C	T	11	0	93	601	0	93	0.978827	614	0	TRUE	NA	NA	NA	NA	NA
MN908947.3	13860	C	T	1	0	93	608	0	93	0.990228	614	0	TRUE	NA	NA	NA	NA	NA
MN908947.3	14408	C	T	6	0	93	604	0	93	0.983713	614	0	TRUE	NA	NA	NA	NA	NA
MN908947.3	17259	G	T	1	0	93	614	0	93	0.998374	615	0	TRUE	NA	NA	NA	NA	NA
MN908947.3	21614	C	T	1	0	93	611	0	93	0.993496	615	0	TRUE	NA	NA	NA	NA	NA
MN908947.3	21621	C	A	2	0	93	609	0	93	0.990244	615	0	TRUE	NA	NA	NA	NA	NA
MN908947.3	21638	C	T	3	0	93	604	0	93	0.982114	615	0	TRUE	NA	NA	NA	NA	NA
MN908947.3	21974	G	T	4	0	93	605	0	93	0.98374	615	0	TRUE	NA	NA	NA	NA	NA
MN908947.3	22132	G	T	17	0	93	566	0	93	0.92635	611	0	TRUE	NA	NA	NA	NA	NA
MN908947.3	22812	A	C	6	0	93	603	0	93	0.980488	615	0	TRUE	NA	NA	NA	NA	NA
MN908947.3	23012	G	A	1	0	93	548	0	93	0.892508	614	0	TRUE	NA	NA	NA	NA	NA
MN908947.3	23063	A	T	3	0	93	547	0	93	0.890879	614	0	TRUE	NA	NA	NA	NA	NA
MN908947.3	23403	A	G	22	0	93	593	0	93	0.964228	615	0	TRUE	NA	NA	NA	NA	NA
MN908947.3	23525	C	T	0	0	0	611	0	93	0.995114	614	0	TRUE	NA	NA	NA	NA	NA
MN908947.3	24642	C	T	2	0	93	609	0	93	0.993475	613	0	TRUE	NA	NA	NA	NA	NA
MN908947.3	25088	G	T	1	0	93	611	0	93	0.995114	614	0	TRUE	NA	NA	NA	NA	NA
MN908947.3	26149	T	C	10	0	93	599	0	93	0.978758	612	0	TRUE	NA	NA	NA	NA	NA
MN908947.3	28167	G	A	6	0	93	586	0	93	0.954397	614	0	TRUE	NA	NA	NA	NA	NA
MN908947.3	28262	G	+AACA	555	0	93	479	0	20	0.778862	615	1.93866e-110	TRUE	NA	NA	NA	NA	NA
MN908947.3	28512	C	G	8	0	93	603	0	93	0.982085	614	0	TRUE	NA	NA	NA	NA	NA
MN908947.3	28877	A	T	6	0	93	604	0	93	0.983713	614	0	TRUE	NA	NA	NA	NA	NA
MN908947.3	28878	G	C	5	0	93	596	0	93	0.970684	614	0	TRUE	NA	NA	NA	NA	NA
MN908947.3	28881	G	A	4	0	93	598	0	93	0.973941	614	0	TRUE	NA	NA	NA	NA	NA
MN908947.3	28882	G	A	4	0	93	598	0	93	0.973941	614	0	TRUE	NA	NA	NA	NA	NA
MN908947.3	28883	G	C	4	0	93	598	0	93	0.973941	614	0	TRUE	NA	NA	NA	NA	NA
MN908947.3	29834	T	A	51	0	93	383	0	93	0.87643	437	1.30644e-191	TRUE	NA	NA	NA	NA	NA
